AAGGTCTGCCGGCCGA,1
CCTCCCTTATGGGGGA,0
TCTCTCGGAACTGTCA,0
GTTAAACGTTACATCT,0
TTAAATGCTGCTGATC,1
ATGGAACGAGACGCCG,1
AGGCCAAATGAGGATA,1
CGAGTACACTTAGGCC,0
GAAATAAATCTTATAG,0
AATGTAGATATGGAGT,0
GGGGTTATCTCTTTTC,0
CGAGAGCAGACTCCAC,1
AGAGAGAGCTTGTGTG,0
CTAACCAAAGCGGAAC,1
AGGGGCTGACTTCCAA,0
CGCACCGCAGGTGTAA,1
CGAAACAAATGTCCAG,0
AGCTGTACTGGGAGGC,1
CCTTGTCCTCCATCTG,0
CCATCGGCATATCAAG,0
TCGAGCTTTCCCAGTA,0
GGGTCTCACCTCTTGT,0
ATGGCAGGATTGGTCG,1
GCAACCCTGGCTGTAG,0
TATAGTACCATTCCGA,0
CGGCTTTATTCGGCAC,0
TTATGGCCGGCCCGAG,1
TAGCTTCACGTTTGAG,0
GCCATGCGAAAGGCGA,0
TGGTGAACGCCGCAGG,1
AGGTGCTTTGAACTCT,0
ATTTGCTTTGCCGGTC,0
TCCATCGCTCTTACTT,0
TAGACAAATCAATACC,0
GAATTATAATCCCCTT,0
CTCTCCCGCCGCCATT,0
CTGGCATACGGCAAGA,0
AGGGCTGCAGTCTATC,1
TCGATGCAAAGTACCC,1
CGAACAACTCATTAGA,0
TTTGTAAAACGAGACC,0
TGCGATTCCTAGGGAC,0
TAACTATGTGGTGATC,0
CTGGTCGCTTCGGGAA,0
TCAGTAGGCCGTGAAT,0
AGAAAACTGCCACCAT,0
AGAAAAATTAAATAAC,0
TTTTTTTTGGGCACCA,1
TTCGTGGTCCTAGTTG,0
GTCTGAGAGTTTCCCA,0
ATGCTGCCCAACCAGG,1
TTGGGGTACTACTTTT,0
ATATCAAAGTCCTTTA,0
AGCTATACAATACGGC,1
ACACTTTCGTCACCAG,0
ACCGTAACTATCTGCG,0
TGAGGTATGGTGTTCC,0
TACCCGGTTGTCCCCA,0
AGAGGAGCACTAGGGA,1
GCCTGGCTCATCAACA,0
GAATCTCGGCCTACCA,0
GACATGGATCTATTGG,0
TGCTACTCGTGACAGG,0
AGAACGGGTGCCGAAA,1
ATTCGGAGTCTCCATC,0
GAGGGCGGAACCCATT,0
CCAAATAGCCCCCTGA,0
GCCACGTTACTCTCAG,0
GGATTAAAACCAAACA,0
CAGAGACGTTCCAATG,0
AGTCTGTAACTTCAAT,0
TGTAACCCTCCCTGTG,0
ATGATGCCGAGCGGCT,1
GTCTCCACGTTAGTGA,0
CGACACGTGCTTGGGC,0
CCGCAAGCTCTTCTGC,0
TCATTTTTAATCACTG,0
TCTCGGAGGGTATCAC,0
GGTACTTCCCGCTCCG,0
CGGTTTCGCATCTGAA,0
CAAACGGACATACATT,0
TAGGCTCTTGGCGGGG,0
TTTAGACCTAAAGGGG,0
ACAGTAGGAGGGAATT,0
GCGATCAAGCGATTGC,1
TACGTATAGCTATGGG,0
AGGTCGTTGCTTTGGG,0
CGACCACATTGCAAGC,0
GAATGGACACCAAGGT,0
ATCTAGCCCAAACTGC,1
CTGATGCCGAGATAGG,1
ACCTGTATAGTGTCGG,0
CAAGTCGTTAGGAGCG,0
CTGGGTTCTTTACCGC,0
AGAGCTCTGCATGATA,0
TTAGGCCACGGCTCCA,1
GAGCCTGCGATACTCT,0
GACTAACCTGGATATC,0
GAATAACCTCAAAAAT,0
AGGCCAGCCTCAAATT,0
TACATTCAGATGTTCT,0
CAGCAATAACTCGGAC,1
TTGTAAAGTTCAGACC,0
ATCCCACTTAGTAATA,0
TCGCCACTAAAATTTC,1
TTACAGAGGGGGATAA,0
GGTATGTAAACTTTAG,0
GACGTAAAGTTAAAAC,0
GTCATCGTTAATCACC,0
TAGCGTATTGAATTTA,0
CATGTAATCGGATATC,0
CTCTCCAAGGGAAACT,0
GGTAAAGATGTCTGGT,0
GGTTACTAAAGTCGGG,0
ACGTGCGCGAGACAGT,0
TTGCGTGATGTTTGAG,0
CTCGACCATTTGCTTG,0
CCAAATATCAGGGTGA,0
CGTTCAACGACATCCT,0
GGGTATGTTGCTAGCT,1
TGTCAGGGAGCCTTTG,0
CACGTTGGGCCCTAAT,0
AAATAACTCGCCTAGA,0
TCAAGACGGTTCCCCG,0
CCTTACGACCCCCGGA,0
AGCAATCAAGGATATA,1
CGACCTCTCTCGAAAT,0
TGAGAATCTCCAAATC,0
TCGGAAGGGAGGCTGT,1
CTCCCCCGTTTTCGGC,0
GTCAATTCAGTAGGCT,1
GTTGGCGCGCAGCTTG,0
CCTGCCGTAACCGAAG,0
AATCCTAAAGGCAGTC,0
TCACCGACAGGTAAGG,0
CACATCGTAATCGTAT,0
AAAATGACAGTGCAGG,1
ACAGTGCGGATACGGA,1
GGTAGCTTAGAAAGCA,0
ACACAAAGCCAAGCGC,1
GTCGGTTCTTATGCGT,0
CCAGGTCCTGTCATTT,0
GTAAGCATCGGGGGAT,0
CCCTATGTTGGAACTG,0
ATGGACTGCCGCCTAA,0
ACGGTATTAAGATTAT,0
CGATTTGTTACGATAA,0
CGGTCTAGAATGTACT,0
TGAGTTGACCTCTGAC,0
TGCACGAAGTGCGCGA,1
CGTTGTTCATGATGCA,0
GTGTTTGAAAATAACC,0
TTTAATTGCTACTGGG,1
GGGGCAGGTAGCGCTC,1
ATCTAAAGTGGCGATA,1
GCAAAACGGCGTCAGC,0
AAAAAACGTAAAGCAT,0
TACGTGGCTCAGCTAT,0
AATACTCGCCTGAACA,0
AATCCTAGCGTTCTTT,0
TGGAGTACACAAGGTG,0
ATGCTTAGAAATTTGC,0
ATGAAAAACGTCTGCG,0
AGCGCATAGTAATGCA,0
TCCGGATGAGCTCTGA,1
GGCGGCCTGATACGTC,0
TTATCATGGTCGTGAA,0
CCGGATTCGCGCCGCG,1
CATTACTCACGGTTGT,0
CCACACTATTAGCATG,0
CCGCGCTTTGGATGGG,0
AACTTTGTCGTCTCTT,0
CATGTTGCTAACCTTC,0
CCACTGACTGTATCGC,1
TTTGCTACCACGCAAA,1
GAATTGATTTGCGATT,1
ATCCGGATTAAACGCA,1
GGCGAACCGCCGCGCC,1
CGGCTAGTGAGCATCT,0
ATACATCGCCCCCTAG,0
CAGTTCCCGCTTGTCC,0
ACTCTATTGAATTCAT,0
GTCGAATAGAACACTG,0
CTCGTCGAGTAGAACC,0
TCTCCTGCACAAAGTT,0
AGTACGTGGGTCTGTA,0
ATGCGGACGCGGTCAC,1
AAGTGGAAACGCGACC,1
ATGCTGTCCTGGAGAT,0
GCAATATCCCGCCAGG,1
CGTCGGATTCTAGTGT,0
ACGACATAAAAAGAAA,0
GGCGAGCGATGGCTGT,1
GACTTTCCCCCCATTC,0
GCTGGAAGTGGGTTTA,1
TAATATGCCGATCACG,1
AGGCTGAGCGTCGGAC,0
ACCATTTCTATTCTAG,0
CCTTTCGCCTCAATTC,0
ACTGACGATTGGGCGC,1
ACTGCGGCCTTCATTT,0
GATATGGGTCCTATCT,0
GAACGGTGCTGTCAAT,1
TCGAAAAGGTATGACG,0
GTATGTCCCATGGAAT,0
TCCACTAGCCGCCCAG,1
GTTAAAATAATACGTG,0
ACTTGAGTATAGTGCA,0
AGAAATCCTGACCTTC,0
ACGTATGTAATGAATG,0
TAAAGCACCTCTCCTC,0
GTCGGCAGGTATAGTT,1
AAATTCCGGTGAACAC,0
CGTGGTATCTAACATA,0
TTCAGCGTAGGACCAC,0
AGAGGATTCGTATAGG,0
AACACCCTATTGATGA,0
TATGGTTTCAAGGTCC,0
TACCTGCTGCTAAAGT,0
ATTCTCCTGCGGTGGC,0
TTATCGGACGCAACCT,0
GACGGCGCACACTCGG,1
CTAATTAAGCGAGGTG,1
CTTCAGATACCTACAT,0
GACGGCACGGAGTCAT,0
TGTAGGGACTATAACA,0
ATCAAAGCCGTCATAC,0
CAGAGGTAAGACCAGC,1
CGTCGCTGGTTCATGG,0
AACGCGCAGGTGACTA,1
ACGTGACAATATGCCC,0
GAAGTTTCTTGCAAGC,0
CAAGGTGTCTATACCT,0
ATCTACTTAAAGTTGT,0
TCTTCCCGATAATGCA,0
ATTTTTTTACCAGTGC,1
CTCACGGTGTAAGGAA,0
GCGCATCCTCTATAAA,0
GGGTCTTTCCATGCAT,0
CCGCTCAACTCTAAGT,1
TACAACCTAACCTGCT,0
GCGGTGCATCAGTGGC,0
GCTGATCCCATTGTGC,0
ACTGGTTGTAAGGACG,0
CCGAGGCTGAAAGACT,1
AGCACGTGTTGCGAAC,0
TAATTCTGGCCTCACA,0
TTCAAGTATCGGAAAA,0
TTGCAGGCATTTGAAA,0
ATCCTCGAACCACCAG,0
TGCCTCTTGCTTCAAC,0
AGCTAGACAAGGCTCC,1
GACTGTGTGAAGACTC,0
CTAGTATACCTCATTG,0
TCAAAGGAAAGCTCTG,1
ACCACCAGTTATTCGA,0
TAAGTCCTATCCTAAC,0
CACCGTGTTGTTGTTC,0
ACATTCCTCCCCCAGA,0
GAAGAGTTTGGTCCAG,0
AAGGTCGTATGTACGC,0
CGTAAGATCAAATCTC,0
CATCGAGCTATTTCAC,0
CGGGGCTTGACCAGGT,0
GTAGCTCTCAGAAAAG,1
CAGAGTGAGCTTACGT,0
CTCGGCAATAAACGCA,1
CTTCAGCGCCTCAATG,0
AATACAAACGCCGTCA,0
GATACATAACCCTTAT,0
GTCTGCGGCAGGATAT,1
CAAGGACCTTACCGCC,0
CAGGTCTAGTAGATTT,0
TCTGTGGCCATGGATA,0
CACGAAACATGGCGGT,0
TGTAGATGCTAGGCTG,1
AATAACTGAGGGTATG,0
CAGTTGGGGGCATTTA,0
CAATCCGAGACTCGTC,0
AAGACAGCCGCTTGCG,0
CATAGCTTAGCGCTGC,0
ACAGAGTTGATTCAGA,0
ACAGAGATTTATCCAG,0
GTTCCTCAGGCACATG,0
GTGGCAGACTTTGGGA,0
GGACACATCTAGCCAA,0
TAACTTACCCCTTGAT,0
TGATAAATATATGCCG,1
ACCTCCAGTAAAGAGT,0
GCTAGCCAACCGTCCA,0
TATCCGGGATTCGACC,0
GCCCGGCGCAGCATAC,0
CGCGACGATTCGGGAC,1
TGGCGTGGGGGACCGA,0
ATTATGATGCTTTGAG,0
CCTGAGGCCCTAATCC,0
ACCTAGTATGGGTCAG,0
ACGTCAGTGACGTACG,0
GATCAAGATCCCCCGA,0
AATAAGGAATGTGATG,0
GAGTGCTACTGACATC,0
GTGCAGTGAAATGCCC,1
CATCGGTGTGTCTTTC,0
ATAGTAAACAACGTGA,0
AAATGAGTGTAGGGTG,0
GGGGGATTAATGATCC,0
TCCCAGCGTGGCCTTC,0
CTGACACATCTGCCTA,0
TCTTCGAAATCGTACA,0
AGCTTGTTGTAGCGCT,0
GTGACATTGCTGGGCA,0
TACCCTAGCTATGCCA,0
TTGGCTTCTGTTTAGC,0
AGAGGATATGACTATT,0
CTGTGCCTGACTAATG,0
AGGGCCACCGGAGCAG,1
CCAGTCCAGAAGAAGC,1
GTGGCGTAAGAACACG,0
CCTTTCGGGCCGTTGG,0
CGTATGCGCCTATATA,0
ATTAACCTGGGCTTTT,0
CACCTCCCAGGATTAA,0
GCGCCTAAATCTCCCG,0
TCATTGACCAGCATGA,0
TTTGTCAAGTCCCCGT,0
AGTTTGTCTGATTCAT,0
CAGTAGGAACGTTGGT,0
GCAGCTTTCGTGGACA,0
TCGCGTAGATAGGTAT,0
CGCCCAGACAACGGAC,1
ACCAGAGCGCATATGT,0
GGATAACCCTATCAGC,0
TTTGACAGACTTTTTG,0
CAGCTACAAAATAAGG,1
CAATCCACGGCCTTAG,0
TGGGACTGCAAAATGT,1
ATCCTAGTCAGGCTAC,0
AGCCTCATACACGCAA,0
TTAGGTCCATGTATTA,0
ACACCCGTCTTAAAAG,0
CCCGTACAAATGATAC,0
GAAAGGGTATGGACAT,0
CTACACTTCACTCTCC,0
GAAATGGTTCAACCCA,0
TTAAAATTCCAAACAT,0
TATATTCTCCACAATA,0
GCTTCTTCGGTAACCT,0
CCGAATCGTGCTGAGA,0
GTCTAGCCAGTTTTAC,1
GGATTGAACGAGGGCT,1
AAAGCAGAGACGTAAG,0
CATTATGCTCTATATG,0
TTGGGATACACATAGT,0
TTATAGCTAAATGGTA,1
CGGAGGACCGTGTCGT,0
TTACCGCTACTCTTAG,0
GGGCTGGAAGGATACA,1
AACGCGGGACTTGATT,0
CAGAACTTAACGTCCA,0
AACTGCCAGACACCGC,1
TAAAAGAGGACGTAGT,0
ATCGAATCATCATTGA,0
CTTAATATAAGCTTAT,0
CCAGAAGTGTCCCACG,0
GAAGGTTAATACGCTT,0
CCTAGCCAAATCATTT,0
ACAGGGTGCTCGTAAT,0
TGTGACATATACACTC,0
TGGGATATTTACAGTT,0
ATCGCTACTCGGTTAA,1
GCACCATCCTTCATGT,0
GTATTCTGCGCATTGA,0
CCACCAGAGGGTTAAG,0
ATTGGCATAATAATTC,0
CAATGTCCTAATTTTC,0
ACCCATAGACCGACAA,0
TTTTTCATGCCGAAAT,0
GTGTTGCTTACCTCGC,0
CAGATTTTTGAAAGGA,0
AAGGATCTTTGTTGCC,0
ACATCTATTTCAATGT,0
ACCCACCTATATACAC,0
GGTGGCAAAAACCTGT,0
TAGCATGGAGCGGCTT,0
GAACTCTTGGTAAGAA,0
TCTTTTACACAAGCTC,0
GCCAAGTTTGCGCCGA,1
CATATTATCGCTAAGT,0
AGCCAACTAGGTGAGG,1
TGGCGTCAGAAAGCAT,0
TAATGGTAGCTACAAT,1
GCGGATGACCTAAGCT,0
GTCATGGCTCGAGAGG,0
ACGCGCTTTCGTAGCC,0
GTCAGATGCAGAAGGG,1
AAAGATCAGAGGCTAG,1
TTATTTTGGCCTGCAC,0
CAAAGATAGCGCTGAG,1
ACAACCGTCTACGGTA,0
CAATAGGCTCACACGA,1
ACGGCCTAGCAGATCA,0
CTCGGTTCACCTCAAT,0
ATTGTTGGACTAGCAG,1
TCACAGGGAACGCTAT,1
AGACCGGATATCTGAC,0
CCTTGGGGCGGTTCTG,0
CGGGGTTCGGAGCTGG,1
GATACCCGGAAACTGG,0
GGCTACTCAGAGCTGC,1
CAGCCACAATCGGGCC,1
AGGGTGTAAGTATCTG,0
GCAATGGATGCCCGTA,0
CTAGCGCGCATTACGG,0
AACCACGGATTTGTTC,0
ACAGAGCTGAGAGGGT,1
TTTTATAAGCAATATC,1
GGATGCTTGAGCTATG,0
GTTACCATGGTAGCAG,0
TCCCTTCTCTTCCAAC,0
ATTTCAATACACTGTC,0
CCACAATACTGGACTC,0
GCAGCGTTGCACGCGT,0
TGTTAGTCTCTTGTAG,0
TGGGCCAGACCTAAGC,0
AGTTAATAGTATGGCT,1
TCCCTCTCCGTTATTA,0
TGCGCTTACAGCATTA,0
TTAGAATTGAGAAACT,0
ACGACGCTCTTTTCAC,0
TTCTGGGAGTTGTTAA,0
ATTCTATTCTGCGTAC,0
TATTCTTCTCGAGCTT,0
TATTTTTGTTGTCTCG,0
AGTGTCAGTTCGATTT,0
CGGAGAGTATTTGGCA,1
CCTTTACGGTTCTCAT,0
CGGGGAATTGCTCGTT,0
CGATACTTTCAGAGTG,0
AATTCGTATGAGGCTA,0
CAGTCAACTTCTAAAC,0
AGAGCCCATTTCTGGA,0
GCACAACGGTAGAACT,1
TAGTCATTTGATATAA,0
CGAACCGGCACGATAG,1
GGAGTGCCCATGTGTC,0
CCACCTGTGTTCACCA,0
ACCGTGTAATCCCGTT,0
AATAGGAGGGATAATG,0
CCCCGGATCCCGACCC,0
AGCATGAGCGCTAAGT,0
ACGCGGTGACTACGGC,1
CGGGCGTCAATGGGAT,0
AGCCCGATTCGAACCA,1
CTTCCGTTGTGACGGA,0
AGGGGTGGTTGGAGCT,1
GATGGGTACTGGAAAG,0
GGCCGCCCTCTGTAGT,0
GAAGTTATAAACACAT,0
CCACGACTGTATTGAG,0
GGAAAGCCCGGGAGGC,1
TCAACCGGCATGTGAT,0
TGACGACATTACGTCG,0
AGCGCTGCATCACACT,0
GGTTGCGGGGAAACAA,1
AACACAAAATGTCCCC,0
TTGTCACCACGAGTGA,0
CCGCCGATACATGTGA,0
GGCGCCATACGCGATG,0
TGCAAGATCAACAGTT,1
GGACTTACGGCACGGT,0
CGTTCCCGAGAACGGG,0
ATTGCGTGCCGTTACT,0
ATCCATACCTATATGT,0
GTGATGCCTTGCGGTT,0
TCCGGCACGGGCTACG,1
ATGCCTCACGCCCGGG,0
TGGCTCAGAAGTCACC,1
TGCATTTGCCCAACTT,0
ATGTTGGTCCTATATT,0
AAAGTATGGAGTTGCC,1
TTTTCTTTTGAAAGTA,0
ACCCTGTCGGAAACCT,0
GTCGGGGCCCTCCGCC,0
CAGCGATAAGAACCTC,0
ATTGCTTCCGGGGATG,0
ATCATCTCGTTTTTCC,0
AGGCATCACGTGACAT,0
GCCTGAGTTACTCATG,0
GTTGCCACAACGGTCG,1
TTTGTAGAGTAAAGCA,1
CCAAACCTGAATAAAC,0
TGAGAATGAACTTTTA,0
AAGTCATGGCGCTCGA,0
TAACGCAGGAAACTGT,1
ATTTAATAGGAACCAG,0
GAATGCAGTTAACAAT,1
TGTCACACTCACCTGT,0
TGTGATAGAAGCCGCG,1
ACCAACGTGCACTTGT,0
ATACATCGCTCCGTAT,0
CGGTCCCCCAAGCGAC,1
CTAACCAAGAAATGCC,1
GCCCAGAGTGATTGCT,1
CCTTGCTCCCTCATAT,0
AATTTTGCTCCTAACC,0
GCATACGGTGAGAGAG,0
TCTCCTGCCAAGTGAG,0
CGGATGACGGTCGCCG,1
GTGCTGACATCGGGTC,0
TAACTCAAGACACAGA,0
CGTATGGGCGACCTTT,0
GCTTAACACGTGACGC,0
GCGGCTCTCCGCCCCG,1
GTTTGAATGAGGTGCA,1
ATGCACTAAGCTCCAG,1
CCTGTACCCGATACAC,0
GACATCGGTGCATCTC,0
AAGGCCGCGCGAAAAG,1
TGGTACGGCATTAGAT,0
GGGTACATCAGTACAG,0
AGAGATAAATCACCCG,0
AGAACGTGTACTTATA,0
CTAGTAATAGTGCCCA,1
TTGTACCTCAGCGTCA,0
CACCATATATTCAAGT,0
CGGAACAGAGAATAAC,0
GCTTGCCAGTAGTCCC,0
CTGAACAGCTTGCTTC,0
TGACGGCTCTGGATAT,1
TAAGCCAGCGCCTGGT,0
TCCCAATTGGAACATC,0
TTGGGATAAGTTATTT,0
GAATATGAAACTCATC,0
GCTCCAGGCCACTTCA,0
CAGAGACCGTATCGGT,0
GGTCTGGGTTTCCCAG,0
AGTGAGATGCGAAAGA,1
TTCGCCGCCCTGATAT,0
ATTCATACCCGAAGAT,0
CACGTGTCGTCCTTAA,0
TAAATAGTTTGGGCCC,1
ATTCGCGGCTTATGTA,0
TAGAAGTGGTATGCGT,0
AGTTATAATTACTCCT,0
AAATTGGGTCACTGCA,1
AAGTTAAACCGCCGCA,1
CCATAATGCTTTGTGC,0
TGGTCCCGTGTTTATT,0
TATCCAGCTTCCACAT,0
GCGACGAGTATGGGCG,1
ATGGTCGCTTTCTTTG,0
CATGATTGGCGCGAGA,0
AGCGGGTAACGAAGGC,1
GCTTTTACTCACCACA,0
AGCATTAGGCCGCAGG,0
CGAGACTATTATGCGA,1
GGGTTCGCAAAATTTA,1
ATGAGCCAGCATCGCG,0
AGCAGAACATAGACTA,0
GACAGCGTCCATCAAT,0
TCACCCATGCGGCACC,0
GATGGCACTGTAGCAC,1
AGGCTGACATTATTGG,0
ATTTCCAGCCCAACTG,1
GCGCCGATAGTCGGGC,1
ACTGCCACTGGCTCTT,0
TGCGTACCCCCTTGAA,0
CCCGGGTAGATTCCGG,0
CAGCAGATATAGACTA,1
ACCGGCATTGTCGTAT,0
GGAAGCGACCAGCGTA,0
AATGGTTCCGCATCCC,0
GTGACCAACCACCTAA,0
TGGCTACAAGGATTCG,1
GGGTAAGGCAATACAT,0
TCTTAGTGCAATGTGG,0
AAACGAGCGGATTCCT,0
TCTGATGACAATATCC,0
AACGAACCCATCGAGA,0
CAAGTGTACCGCGTAT,0
TGGTGCGGCAAACGGA,1
GAGGTGCTAACGTAAC,0
CCTGGGCAGTTTCTCA,0
CAGTTGGTAGAATTAT,0
CGAAGGCACATTATGC,0
CCTCAACAAGCCAGTG,0
TTAACTGAGAACCACA,0
CCCAGGCGATGGAAGT,1
CAGTATATGCGCTACT,1
CTGCATATTTCCTCTG,0
TCCTACGTCCTTCATC,0
CTTGGTGGTGCAAACA,0
ACAACCATCATTGGTG,0
GAGTTTCGCGCCTGAC,0
GCAATGTAACAGTGTA,1
CATCACGACTGACTTG,0
CTAGTTCAGACCTGGT,0
CTATCTCATGGGACGT,0
GGCTTCGCTTTTCATG,0
TGTACTACGCGTTCCA,0
TCAGAATCTCAGGGCC,1
GTTTCGGTGAACACAA,0
TCGCAACTCGGTTAAG,1
CGGACCCAAGTTGTGA,0
TCGAACTGGTAGTGCT,1
AAGAAGGGCTTCGGAG,0
TCAGTTAAACGATTTA,0
TTGTTAGTAGCCTCCT,0
GGCGAATCGAGCACGA,1
CCAGTCAGTTTCCATG,0
TCCTATGTTGCACTTA,0
CTTTGCACAGAAATTG,0
CTGCCTCGAGTATAAT,0
CGTCAAACACGATTCC,0
AGCAGCGAACCAGAAC,1
CCGCGACGAGAACCAC,1
CGGCATTATCTAAAGG,0
ACAGCAGTAGTATATC,1
ACACGATTGCCGGAAA,1
GAAGAAACCTAGTGAT,0
GCTATGTAAGTTGACA,1
GTGTTCCTGCAACGCT,0
GTCCGAAGCTACCAGA,1
ACCCGACGTGACCTTG,0
TGATGCCGCTCTTGAA,0
AGCCCCCTGAGCAACC,0
TTACGACTGTCTAGCC,1
TTTCGGCACATGATTC,0
AAGCCTGGCGCAAATG,0
ACGATTGGAACCACTT,0
CATATTCCGCTCCGAA,0
GTTGCGGTCAACCTGC,0
CAGTCGCCTTCGCTTA,0
TATTAATGGTCATACC,0
TTTTCAACGACAACTT,0
AGCCTTGCATGAGAAC,0
CACACTGGCCGCTCCT,0
CCGCAGCCCATGCTGA,0
TACTCTGGGCAATACA,1
TGCTTCCGGATGATTT,0
GAACCTTCGGGCTGTT,0
GCCAGCAGGCGACACC,1
GCTGTGGTTTGTTCTT,0
CCGTAACGCACGCCCG,0
ACTCTCAGTCTAAAAC,0
CCACCCTCCATTTGGC,0
AGAGGACAATCCCGCA,1
CAACGGTAGTTAGTAG,0
TCGTCCCGCAGCGCTG,0
CTTCCCATGACGGTCA,0
TGTATATGTACTAACC,0
CGTCGGTCGGTCACGA,0
CTTAAACCATTTTAAC,0
GGCGACCTCCCTAGCC,0
CTATATGGTGGATCCC,0
TTACGTCAATATAGCT,0
GCGGAGACTTCCGGTT,0
TGCCTGCCCCTTAATC,0
ACCACCCAAACGCGTT,0
CTATCGTGTACTCACA,0
CCAAGCTACACCTAGG,0
AATCAAACGTTCGTCG,0
CCACTTGAAGGCTGAA,0
TAACTTTTTAAGCGTT,0
TACACTGCGTCAACGT,0
CCAGTCCAAAGAGACT,0
CCGGGACACGTACCGT,0
GAGGTTAAACTTGCCT,0
CTGTTGGGCATAATCC,0
GCCGCCTCACCTCGGA,0
CAGCAGGTAAATAATT,1
AGCTGTCGGTTGTCTA,1
CAGGGAGACTTAGAGT,0
TTCGAGGTCGTGGCAA,0
GCAGGCTCGTCTGGGA,0
GCTGGAAGTCATTCCA,0
TGTCGGATTCGACCTC,0
TGGTCGCAAAGTTGGA,1
GTTTCATGCACGGTTG,0
CGAATGGGGGATACGC,1
GGAGGTAACGTCAGAA,0
AGGCTGGTGAGCAGAG,1
GTGGTCGATCGGTGCC,1
GACATCTGTTTATTGT,0
CCCAATGATTGTGGCT,1
CAGGTCTACGAGGAAA,0
GTCCTGACTTTCGGGA,0
GGAGTCGGGTGTTTGC,1
TCCTCTCTCAAAAGGA,0
GGCGCAAGGATGCGGT,1
CGATAAGTTTCAGCAA,1
AGCATACTCTATGTTC,0
CTTACTCCAAGTTTGA,0
CATATTTCTGCTCTCC,0
TTCCTATGAGGATAAT,0
ATTACCCTCACAAGAA,0
AGCGCCTCCCAGAGCG,0
TCAATCAAAGGGATTG,0
ATTACTAACAGAGCAT,0
TGTTTAGAATCAGCTA,1
AGCCGAGGCGTCTTCA,0
GTTCGCATGTGTTCCA,0
CAATCGAGGTTTTCGC,1
AGATATAAAATGCATG,0
TAAACAGCCCCACGCA,1
GGACTCGTATAACAGT,0
AGTCTGGTAGCTCTAC,1
TGTGTGTAACCGGGGA,0
CTAGGCTCGGCAATCT,1
TTGGATCAGCTCTGCA,1
AACGCTGGAACTTTCG,0
GTATCGGCCGGACGTT,0
ATTAGGAAGCTACTCT,1
TCGGACAACGCATATG,0
GTCTCATATTCTGGTG,0
TGTCTACCACGGGGGA,0
GCAGCGCACTCGTTGA,0
TGCCCGCAACTCCGTA,0
CTCTAATATTCCTACC,0
TTTGTAGGTAGCACCT,0
TAACCTCCCAAGGATT,0
GAATAACCCCTCACTT,0
GGTCCGGGTCTAACAG,0
TGAACCTCCTCCGTAT,0
GGTAAGTGAACTCCGA,0
GCCCTACAGCAAGTCC,0
ATGTAAAGCGCACGTT,0
CCCCGTCATTTTCCTC,0
TAGGTGGCTGACTACC,1
ATAGGCGCGACTACCA,1
CTTCAGCTGAGCCTCC,0
AAGGATAGTACCGGAG,0
GTTTTAAGTGTTCCGG,0
AACGCAGGCGCAATCG,1
TGGTTGCAGTTGGTCA,1
GCCATTGTTAAAGGGT,0
GGACAGTCGTTGCTAA,0
GATTAGCGAATATTCA,1
GTAGGCCTCAACCTTC,0
GCTACGGGCGGCGGAT,1
GCTGTCCTCATTGGGT,0
GGAATGGCAAGAGCAA,1
TAATCGGCTGTATATG,1
TAAGATATCATTTAGG,0
GTTGGCCGTTTCGGCG,0
TGGTGTAATACCCATA,0
CTTCGATGAGGTGGTT,0
ATGGATATCCCTGGTC,0
CACTTAAATCATAATG,0
ACCACAGACAAACCGG,0
GTGTGGCATAGAGTAG,0
AGGGTTGAGTAAGCAT,0
CATGACTTTCTGGACA,0
GATAAAATTGTGTCGA,0
GATCCCTATTACTAGG,0
TACTTAACGCCGCGTA,0
GTTTCCCGCTCGGCAG,1
TTCCACAACCGAGCGA,1
AGCCCATCTCTGTTCG,0
CCCGGTTATGTGAGCG,1
TCTTGGCGACGATATG,0
TGCGATGTGGGTAACA,1
GGGATCCCGTGGAGTG,0
TTCAACTCATTGGCCG,0
TAGTCTCAAGAATCGG,0
ACTGCGTGACTAGGGA,0
TACCGCCGAGCTGCAT,0
GCAGGGTCTAACCAAA,1
TGACGTAAATCGCGGC,0
GATTTCAACGACAGCC,1
GACGCAACTCGCGAGT,1
CTCTGGCTCGGTTTCC,1
TATTGGTGCAGAGCCG,1
ACCATTCAAAACCAGA,0
GCGATGGTGGAAATAT,1
ATGTGCAGCTCTGGCG,1
GTGCGCATGGCTACCT,0
TATCTGATTCCTGTCA,0
TCTCGCAACCCGCGCA,1
ATCACGTGGAGTGATG,0
TTGTATATCAGTAGGT,0
TTATCACTCGCGCCAT,0
GCGAGGGCGAACTACG,1
ACTAGCCGCACGCGCT,1
GTGAGCTTGTCACTTA,0
CCTCACACAATATAAG,0
GTCTGGACTGGAGTAT,0
GATTTGCATGGGCAGC,0
TCTTAGTGTGTCGCGT,0
GTCGAACGAGTGACGT,0
GATCATCGCTGCATGG,0
AACGAATACACCGGTA,0
TGCTTATGCAACGATG,0
CGTGACTCGCTATTAG,0
ACCGCTCGGTCCAGTT,1
ACGCGGCTCAAGGAAA,1
TAACCATTTACACGAG,0
ATGCAAGCCAACGATG,1
GAATTTAGATGACTAT,0
ACCCGCATAATATAAC,0
AAAAGCGGAACCGAGG,1
ACTGACATGCAGAAGG,0
CCTTATGAGGAGATGG,0
ACACCGGACAACTTTG,0
GCTAAGCTGGCAGAGA,1
AGCACGCCAATGCCTT,0
GGTGGGGCCCCGCGTC,0
GCAGAATTGTTCATAC,0
GGGTCGATCCGGTCGA,0
CTGCCTGTACGGCGGT,0
AAACGATCACCGTCTG,0
TTGAGTGCCCCTTCTA,0
CTGTCAAGTGTATCCT,0
TACGGTCCGCACAGCC,1
ACTAACCTGCTATGTG,0
GCCAACCTGCAATCCC,0
GCTGAGATTTCGTCGT,0
GGCTGCGCACTCACCG,1
ACGCAGTCGATCGGAG,1
ACTCTTATCCATTGCA,0
AGAAAGTTTGCGGAAA,1
ACCTTTTGAGAGGCTT,0
TGTGCACAATGTGCTG,1
GGCCATGATGGTCATT,0
AGGCTCCTACCCCAAG,0
GCAATTTAGGTGAGGA,1
AGATGGCAGTTAAAGT,1
TAACATGGCCTTGTTG,0
GAGGAAAGTTTTAGTG,0
TCGAGTGCTACACTGC,1
CGTCACCGAAGGTTAG,0
TCAATACACGCTGTTT,1
GAGGTCAATCGGTGAT,0
CTTAGCACGGGTGCAG,0
ACAACGTCGAAAACGC,0
TTGTTCTACCGTTGGC,0
AATAGTGTCGTTGGAC,0
TTTGTCCAGGTAATGT,0
CGACTGTGGACCTAAA,0
TCAAGACAAGTTATGA,0
GGATTCAGGTACACAA,0
TGGAGATTGGTCAGGG,0
ACAGTCGGAGGCCTTA,0
ATGAGACTTGTATGAC,0
CAACTAAACACGACTC,0
CCAGCCAGCGGAGATA,1
AAACAGGACGGCCTCG,0
TCACCCTTCCATCGCG,0
CGGGACCGTCATAATG,0
CATTACAACGCGGACC,0
ACGGGTAACCGCGCCG,1
TTGTAGAAGCCTGGAG,0
CGTGTGAGCCACTAGT,0
ACTGCACTGGCTCCTA,0
TGAGGAGTCGACGTCG,0
TTTGGACCCGCCGTGC,0
GCACTTTCCGTTTTCA,0
TCTAAGCCAACCGCTG,1
TCTTTACACCTAAGGA,0
GTCTACTAGTGAACGC,1
AAAGGTAGGGTCTCCT,0
AGTGGCTTCTAACGAC,0
GTTACGGATGCTACGC,1
TGGACTGCTAACGTAT,0
ATTTGTTATAGTGGTT,0
GGCAATATCATGGCCG,0
GCCCTCCAGCCACTAA,0
CTAACGTTCCTTATTT,0
TTCGAGCCTCGTTGAT,0
ACGGTTGGGGTTGCCT,0
TCCGTCTATGTAGGAT,0
AATCAAGATCATCAGC,0
CAGGGAATAGCTAGGC,1
CGTCCTAAATTTCGAG,0
GCTCTCATAATAGACA,0
CATGGACGATTAGGCT,0
CCGCTATCAAGGTCTA,1
CTCGATGACAATAAAG,0
GACAGACTACGCTGTA,1
TATACTTCAGTTCACA,0
AACGTTAATACCAACC,0
CATGTACTGAGCATCT,0
TCAAACCCCGAAGAGG,0
TGGGATGAGGTCCGTA,0
CTGAGCATGCGCGCGA,0
GCTGTGCAGCTCCCCA,1
CCGGTGGAGGGATGTC,0
CAAGCAAAGATTGGAA,1
AGTTCCACCTCTTGGG,0
ATATTAGAGCAGGATC,1
TTTCCCTAGGACGTAC,0
CCCTGTACTGTGCCGA,0
AGGACCCTAGCTCACT,0
TCAGTCGAACTCCAGC,1
TGCAGGTCGAATGCGT,0
GCAATTCATACACGGA,0
GCCGGCGACCCCAGCC,1
TGTTATATTACCCTCT,0
ATGCCCATACAATTCT,0
ATCCGCCTTGTGTTGC,0
AACAACTGTCCCATAC,0
ACCGTGGTCCCAATGC,0
ACCCTCGCATCGTGAT,0
ACTCCAAATCTCACTT,0
TCCGCTTACTGTATCC,0
TGAGCATAAAGAAGGG,0
TATTAAGAATTGTCTG,0
ACACCGAAGCTTCCGT,0
GAGAAGTGCGACACCA,1
CCCTGACAGCGCCATA,0
CCCTAGATAGTGTGCG,0
CGCAATATCGTGCATT,0
AGACATGTGGCGTACA,0
GGAATATTGATCAACC,0
ATGAGTACAGTGAAGA,0
CGCGCTTAACTGAGAC,0
GGGGACAGAGACTGAT,0
TTCCAAGGAAGCTCAT,0
TCTCCCTCTAGAATGA,0
TTCGGCGCGGAGTTAG,1
CCTTCGGCTCGGTTTG,0
TTTTGGCAGGTGGCCT,0
AAGAGACAATGGACTT,0
TGACACGTCCTAGCGC,0
CGGCGTGGCAAGCCAT,0
ATTAGTTACCTTAGGC,0
CTCGTGGTGAAAGGCA,0
ACCATCAGAGCCTGTG,0
CAGTTCTTGAGCCCTA,0
TATGACGGACCTCTTC,0
GGAGAAGTAGAGCCCT,0
TATTAGACCCCCGGGG,0
CCAACAATGTTTGGCT,1
GGCAAATTAAAGTTGG,1
TTCGGAATCCCGAGCC,1
CTGGGATAGTCTACGC,1
GACGACGCTGCGCACT,1
GGGCAATAACAGCACG,1
AGAACCGTGCGGAACC,0
TACTGCATGACCGAAC,0
CTTCTTACGCGGTGCA,0
ATGCCAAGTCTGTATA,1
CGACTTAACGGCGCAG,0
GACCAATCTGTAGGTC,0
TAATCAGCATTGTCTA,0
CGCAGTACCGACCCGC,1
GCTTAAGGCAGATGAT,0
GTACGGCCTGGATGTT,0
ACTAATGCTGCTGTGG,1
ATCATGCGCTGGAGCT,0
AAAAGGATCGTGGTAC,0
GCGGCAAGTGTTCTAG,1
GATCGTACAGTAGAAA,0
GACGAACTCCTTGTGC,0
AGGACTCCACTTGCCA,0
TTATGCAGGTGGAGTA,1
TTCTAATATGCGGGGG,1
GCTCCCCATAGAGGTC,0
GCCTCGGGTTGCCGAT,0
GAATCACAAACTTAAA,0
TTATTATACCGTAAAT,0
ATGCCGAACGCTGCAT,0
TGGGATTGAGGCCTTC,0
AGCTGGTGTTAGCGTG,0
GCTAGTTACTCGGCTC,1
TAAGTCTGCGCGGAAT,1
CCCAACTATTGCCGCA,1
ATAAATAATCGGAATA,0
ATGATCCTAACTAGGC,0
TCTTGGGGCAAGCCGC,0
GGTATGAAGTCTGATA,0
ACGTATTTTGCCCCTC,0
GGTACCTTCAGACTCA,0
GGATCACGTAGAAAAA,0
GACAATAGTGAGCATT,0
ACCTTCCATACCAAAT,0
CGCTTATCCTGGCTGG,0
ATGTATTTAACCGCTG,1
CTCCAATGTGTACCCA,0
GAACCCCACTTCGAGT,0
CTTCTGGAAGCACTGT,0
GCAGCACAAACCTGTG,0
TCTTGCAATACGGCGT,0
GCACAGAATGGACTTT,0
TAGGGGGGTCGGGTAG,0
ATTTGCAGCTCGCAAC,1
AGAGGAGTGTTTATCC,0
ATGCCATGGTACAGAC,0
GGATTTCTTTGAATCT,0
CCGCCAGGGTTTCAAT,1
TTATCGTTGAAAGTGT,0
TGAAACGTTTGTTGAG,0
ACGGTATCCGACACGG,0
ACACATGAGTCACGTC,0
TGGTAGTCGTTTCACA,0
GCCTTTTGTGACGATT,0
CCGCCCCCGTTAACCA,0
AAAGATGGTCCACCCC,0
TGGTGTTAGCTTCCCG,0
AGTTAAAAGGGGGCTG,1
TTGCGAACAGACCTCC,0
GCCATTTATCTTAACC,0
CAAAATAATCTCACTC,0
CACTCCTTTAACGCAA,0
AATACCTACAGTAGAA,0
GGAGGATGTATTGATG,0
CCTCCGCCCAGCTGGG,0
ATGAATCAATAGGGCG,1
GTGAGACCCAGTCCCC,0
GGGTGATTATCAACAT,0
TCGCGATGAGCAATGG,1
CCGCCTATTCGAAAAG,0
ATCGGAATTTAATCGG,0
AAACGTGCTGCTTCCC,0
TTCAAGTGTTCTTATT,0
GTCTAAGGTATCGCAC,1
CGTGACGTTGAGCCCC,0
TACGCCAGTCATATCA,0
TCGTGTTAGATCCATA,0
CTAGTACTTGGTCGAT,0
GCCTCGTCATCGCCCG,0
CCTGTGACGGAGTCTA,0
GACTACTCGGTGAGGG,0
TGTGGATTAGCAGGTT,1
CTCAGACGATACTGAG,0
CCCTAATGTATTAGGA,0
ACTTAACAGTTGTACG,0
TAAGGAAAACCTTCAA,0
GGACTGTGCTATAGGC,1
TCACGGTCGAATTACG,0
AGCCCTCCTCCTCGGT,0
ACCAGTCAAGGGCGCC,1
GCGGAACTATTTTGTA,1
ACCTCTACTCAATGCG,0
CATTAGCTTGGCTCGG,0
TACGAGCAAGTTCCTA,0
CTCGTACGATGTGGGG,0
GGTACTGCCGGGGTAC,1
AAATTTCCTTCATCCC,0
CCGCCTCGACTCCAGT,0
GTCTATAGTTAGAAGC,1
AGCCACCTCGCTTCAT,0
GTGGCAAGGAGTAGTA,1
TAGGGTAGATGTCGTC,0
GAACCTTGTAGTTGTC,0
ACAGGAGTTACGTCAA,0
ATAAATATGTTGCCCA,1
CCTTGTAAATTTATAG,0
GTGTAAAGGAGACTAG,0
CAACGTAAGTTCGTCT,0
CATTCGCCCGGAGGGA,0
TCAAGCTTAATAAAAG,0
CGATGAGTCTCGCTTC,0
CGACATCGCTCCAAAC,0
GACCGCGCACTTATTT,0
GAAAGGAGATAACACG,0
GATATCTGAACCCAGC,1
ATTACTGTGCGTCCCC,0
AGTGCCGGGGGGTATC,1
TGAAACTAGGGTGCGC,1
ACATATTTCCCATTTG,0
GAAACCCTATGGCCTA,0
GTGCCACCAGATTTGT,1
GTGCATGTCCCCGTTT,0
ACTGTCGCACTAAATC,1
TCCCAGTTCAAACAGC,1
GCCATAATCTTTAGCA,0
ATTGTGAGAACGTGCG,0
TTATCACGAACCCCTT,0
CAGATAACTCCCTCAA,0
TTGCCTAGGACGCTGC,0
ATATCTCCAGTGTAAG,0
TCGCTCCAATCCTGAC,0
GCTAGAATAGTGTCGC,1
TCCGCTTGGAAATGGT,0
TGACTATAGAACCGTG,0
CATACGTCCTAGCACA,0
AAGTTCCATAAGAAGA,0
TTCGAATGAGGCAGGC,1
CGGTGACAGGGACGTC,0
GGTACCCATGCGGCGC,0
CCAACGTCGTCGCCAG,0
CTCCGACTCGAATGAC,0
AGCCACCGAAGATTCA,1
TGCGTCTCATTCTGAA,0
GATGTCGTGCTGCGCC,0
TCCTAGCTATGATGGG,0
TGTTTGATAATCCACC,0
AAATTCCTGGATGAGG,0
GCTCCTCACGGCTGCT,0
TGCCGTTTTGTTCCTA,0
AGGAACCGAAACTTTG,0
AATAAAACAACGACAC,0
CTCGCCCGGTCGGCCG,1
CAAATTGGAAGGAATT,0
CGCTTTCAAACTCCTA,0
AGATTGCGGGGGGTAG,1
GGCCCACTGAACTATC,1
CAACCGGGGAATCTCG,0
CACGAGAGATTTGGAC,0
TTCTACGACTCCTCGA,0
ACCCGCCTTTCAAAAG,0
AAGCCCCGTCATGTTC,0
AGCTGCCGTACTGCCT,0
CTGAATGGCCCGCAGG,1
AATATGTGATCAACTA,0
TATTAAAGGATTCAGC,1
CCCGCACAGGACGGAA,1
GTTCTTCTAACGTATC,0
CATAACAGCATTGGGT,0
TGACAGCTGTCAAAAC,1
GGGGCATCGGGGACAC,0
ACCCCTTACCAGTAGA,0
CAGGGGTCTGCCTGCC,0
GAATGCTATAAATGAT,1
AACGGCAGTTGAACCA,1
TATTGCTTTCTTATCG,0
TTCCTCCCTCCCCATC,0
ATGATTCGTCGCGTTA,0
ACGCAATGTGTGGCAG,1
ATCCTGTGCGTTCCAC,0
TTTGTCCTGGGATATG,0
GGTACCACTCTAACCT,0
GCTCTAGACAATCGTT,0
CCATGAGTCTCTTATC,0
GTTCATTGATTTCGAT,0
TGTGATCGTCCCGGTC,0
GACAGACGAGGTTTGT,0
GGTCATTTAATCCACC,0
TGAAAAATTCCCGGAG,0
CAGGAAGACGCAGTTA,1
CGTACCCGGGTGAGAT,0
TGAAGAAATGTTGATA,0
TAGTGGGGGCTGACTC,1
CAACGATCTGTCCAGC,1
GTGTTTGGATGGACAT,0
AGCAAGATTAGTTTTC,1
GCAAGAGGTTCGCTCA,1
TACGGTTCAATCCCAG,0
CTTTGATATCAACGGA,0
ACCTAGATAGGTGCCC,0
GTTACAAAGCGCTAAG,1
TCTCACGAGACATTAG,0
TCTCTTTAGGCTAATA,0
TATCCTTACGCAGGGC,0
AGCCATAATCTGGCTA,0
CGCCAACTAGCATTTT,0
TAGGAGGTAACGCTCC,1
GCCAGACTGGACCCGA,1
GGCAGGACAGTTCTGC,1
GCATTTCAAACTGCAC,0
ATGTGAAAGCTCGAAA,1
CTGGACTGTGATTACG,0
CATAGGGATGAGACTG,0
TCTTTGAGTCTAAAGC,0
AGTCAGCAGGGATATT,1
AAACTCGTAGCAGGGC,0
AAGTTCGGGCTGTATG,1
GCGTGTCGTAAGCAGA,0
AGTATCCTGTTGTCCG,0
CGGAGCTACCAGACTC,1
ACTACAAATACCAATA,0
TACGCTATGTTCCCGT,0
CGTTCCGGCCCTGACC,0
AAGGTCTTTGCAGTTT,0
GAGTAGCGCGTCCACA,0
CCGGTTATATCTCTCA,0
CTGCCCTTGGAAGAAT,0
TGGCTCCAGCCGAACC,1
CATACGATGGGTATTT,0
AATTCTTTCATTTACG,0
GGTATGATATATAATA,0
TGGGCCCAATCTGAGT,1
ACACGGATTCCGCTGA,1
AGCTGTATTATACTAT,1
CTCGTCCCCACAGAAA,0
CATCTCATGGTACGGT,0
CAACCCACCGATTCAT,0
TCGAGTTGTCTTACTA,0
CGCTAGCGATTCACGG,1
CAATCCGTTTGATTAC,0
ACGCAGGATCACGGAT,1
ACGACCCTCCGGTGTA,0
GTGTAGGCAACCTTAT,0
ATGGGATTACTTAAGC,0
GGGTCAGAGCGTAGGG,0
GGGTCGGTTACAGGGA,0
TCGAGCGAAGTACTGC,1
GTTCTAGCAATACGAT,1
GAGTACGCGTGATATT,0
GGCCCTCAATTCACAT,0
TTCCTTTCTGCAATAG,0
GGTGGTGCTACTTGTC,0
GACGAACAACTTCGCT,0
CCGACTCACTGCTGGG,1
ATATAGCCCGCCGGCT,1
CAGACATTTCCGTACT,0
AATTACTTCGCGGTGG,0
AACGTTCGAGCAAGAG,0
GGAAGTCTGGGTCACC,0
TGTGAGCCGTACCAAC,0
CGGCCACAAGAGTAAA,1
ACGGGTGCGGGTGCAG,1
CAGGTGTGTTTGCAAC,1
AGTGGGTACGGGTGCC,1
GCACAGTCGGAGCTAA,1
TTTCTCGTCCGCCCGC,0
CCCCACGTCTTTCGGC,0
CCGGTCCGTTGAGATT,0
CTCACCGGCTGTCCGA,1
ACCTCTCCAGTAGACA,0
ACCATAGACTATATGA,0
TCGGTGGATTATAAGC,1
GCCTGGGGAAGCAAAT,0
CAGAGGCTGGTATCTG,1
GCCGTGCCTGTACCAG,0
ATTATCACAGCCACCG,1
CTTCTTAACCGAGTGC,0
GGGGGACCTCGGGAGT,0
GATCCTATGGCTTGCC,0
CATAAGCGGGGCCGCG,0
CTAGCTCGTGAATGGC,0
GCAACTAACGGACGGC,1
GACACAAACAGATCCC,0
CGATGCTCTCTCCCGA,1
CGGCTAGCAGCCGGCG,1
TTTACTGCTTTCAGGA,0
CTGATGATCCCTCGTT,0
ACTACACCGTGACACC,0
GCCCAGACGACGAAGA,1
AGTTAAAACACGGGTG,0
GTGGCCCCTCCGGGCC,0
TATGGCCTGATGCGCC,0
TAATAGCCGGGCATCT,0
AACGTGCACAATCCTC,0
GTTTATCATTAATATA,0
AGCACCTCTTCGGCAA,0
CGTCGATCCAGACCGA,0
AAGGTGCCTAACCAGT,0
GCAGAACCGCCTCTGG,0
CTAATGGCAAGGTATT,1
GAAACATAGGCCGATA,0
GCATTTACGCCTACCT,0
ATCCGGGGCTGAGATG,1
AGTCCCCTCGAACATT,0
TCCTGACCGTGCTAGG,0
ACTAAGCTACCCCCCG,1
TGTTACGTTACGTTTA,0
GAGTCCAAAGACAAAT,0
TCGTCTGCACGAGACC,0
TATCGGCTGGGAAAGA,1
AACCTTGACAACGGCG,0
CTCCAGTCAATAGAAT,0
ATGTAGTCACATAGGA,0
TCTTCACAGCCCTGGT,0
TACTATGCGCGCGGCC,1
AGAACTGGGATTGAGA,0
ATAATCTACGAACTGA,0
AGGGGCCCCCCTCGAT,0
AAGGAACAGTATCATT,0
CATATAGTGGCAGCCT,0
AAACCCTTTGCCCCAT,0
TAGCGCGTATAGTCAG,0
TGCACTACGATAGTTC,1
CCGGGGTGGCGAGCAT,0
GCGGTCCAATTTCTGA,1
TGCCCGCTAAGAATCC,1
ATGGGATTACTCGCCC,1
CGCATATCTCCTGACA,0
GAGGCAAAGCCAAGGT,1
CTGGGGGTCGCCCGGG,1
CACCTTGTGTTTGCAG,0
TTCCCTAAAAGCGATA,0
GGTCGGAACGCGCTGT,1
TCTCACGTCCAGATTG,0
CACCGTACAAGGTTCG,0
GCTATTATCACGGACC,1
ACTCGTGGGTAGCGTG,0
AGGCCCGGACAGAGAT,1
TTCCTATTTTTGGCAA,0
CAAGGGACCGGCTGCT,1
AATACTGAAATATTCC,0
TATGCCCGGCCGCGCA,1
AGAAGTCCCGCCCATC,0
CGACAGCACTGTATAG,1
GACGCATTCTCGATTC,0
TTACCTAAGGGTAGCG,0
GAATCTACGGCTCCTT,0
GTTGTGCTGGCTTTCT,0
TCGTTTACGTACTACT,0
TATCTATAAGGACTTC,0
ATGTTCTGAATGACTT,0
AACAGTCATATTTGGG,0
GGCCGCCTTCAACGAG,0
CACAACATGCATGCGA,0
AAAGATAACTCGCATA,0
TATAGGGCCTAGATCC,0
ACGCCAGGTATTTCAA,1
GCCCCCATATGTAAAT,0
TCGAGACCGTCGTGCA,0
ATCATGACCTGGCGCA,0
CCCGAACGGCTTTGAC,0
GCATCGGGCCAGGCCG,0
TCTAGAACGGGACGAC,0
ACGGTGCCCCCGCCTA,0
TGATCATGACGAGCAC,0
TATGTCAATTCGCCAC,1
ACAGGCACTCTCTAGC,1
TTCAAGTTTCAATGCC,1
CACATTTCGACCACCA,0
GATAGCCTTTGGACAA,0
TGTCATTAAGGGAGCT,0
CTCGGCCGCAAGTAAC,1
AGCCCTTCGACTTGAG,0
CAGCCCTCGATGGTAA,0
CCGCAACCGTGAGAAG,0
TAAGTTTTAAGACCCG,0
GTATCAATCTGAGTAC,0
TAGGCTTACACTAGAA,0
GCCTAATAGACAATGT,0
CTAACATGACACGCGG,0
TGGTTTTTCTGGTATC,0
CTTTAGTGACCTTGGT,0
TCCAGTTGAGATGCCA,1
ACGATACAGCACGATT,1
GTTACGCTTTGGGATT,0
ACCGGATTCTTCCAGA,0
TAGTGTCACACCCGGG,0
TACCGGCCGTTCAGGT,0
TCTATACTCCCCTGAA,0
CGACGAACGATGCCCG,1
TCCTACAGTTAGAAGT,0
TTAAAAAGGTAGGATG,0
GTCAACACGAGGAGCA,1
ACATCCCCCCCGGTTT,0
CGACTCCATCTCAAGC,0
AGTCGACCTGGAGGCA,0
CTTTGCTGATAACCAA,0
GTGGAGACCGATTACT,0
AAACTACACGACATCT,0
GGACCTGATCTTCTCG,0
CGCTCGTTCCCTCACA,0
CACTGTGCCCTTGCCC,0
GTAAGGCAAATGTAGG,1
AGAGTCGCTTGTTTGT,0
GTCTAAAGAGTCGTCA,0
GAACCTGTACGCGCAT,0
GCTTATGGGCTTAACC,0
TTATAGTTGAGGGCGT,0
TTAGGTGGACTGCTAC,1
GTTCTAGTCAGGCCGT,0
AGTAAGGGGAGAAGGG,0
ATATCACGATGGGATC,0
GAGTCGAGTATTGCAC,1
CAAAGATATAGATCTC,0
AGAATATGCCGCCAAG,1
AGACGCCCATGTTAAC,0
TATTAGCGGACACATA,0
TACGGGCGGGGCCATA,0
CGGCTGATAGGATAAG,1
CACAAACAGAGAGGAA,0
GACTTCGAGGATCAAG,0
CTGTTTTATGCCCTTG,0
GCTTCTCGCAAATCGC,0
TACCGAGATTTAATTC,0
TGAGATAACTCAAGCA,1
GATTGCCATAAGGGGC,0
TGATGGCCTTACGCCA,0
GGCAACGACGCAAGTG,1
CACTGTTGAGTGCCTG,0
GCGGGTACGGTGAATA,1
AGCAATAAATTTTTTT,1
AGGATTTCGCAATTCG,1
TAAGCTCGGCCAAGCT,1
GAAGCGCCCTTCAATT,0
CAAAAGTTCCTCTGAT,0
TTCGCTCTCCGTCAGA,0
GTCAAGCATTAGAACT,0
TATCGATGACAAAGAT,0
CCACTAAACTATTACG,0
TTAAGCTGATTCGATC,1
GGCTTATCGCCAGAAT,0
CACTCATCGGTGAGTA,0
AGTCCCGGATAGATAT,0
AACGAACCCGATGGCC,1
CCACGGGAGATCTCGT,0
TTCTCTCCTTTCCATA,0
ATCCCAGAAGAATGTG,0
CGGTCCGTTGGACGGA,0
GTCAATGGCCTCCCAA,0
GGTGTTCAGATGGACG,0
GGATTTCACTGCTTGA,0
GCCCGTGTTCACGGGC,0
TCTAGCCAGCGATGAG,1
TGTAGTTCTATTTTTA,0
TGCTTCAATTGGGTCC,0
ATACGGCGGTAATCGT,0
CCACCGGACAACGTCG,0
CCACCCGCGGTGGCAC,1
GCATGCGTCTGGCGAG,0
AACGGTATAAGGAAAA,0
CAAGTACTTCACAGGC,0
ACGAATAGTTCTCGAA,0
TACTTCTCTTACATAG,0
CATACTGCGAGTTACC,0
AATTCATACTAAAAAG,0
CACAATGCGCGGGCGA,1
GCAAATTGCCTTGCAT,0
TTCCAGAATCGTGATC,0
TTAGGATTTATACTTG,0
TTATTGGGGCGCAGCG,1
AAACAAATCGGCCCGC,1
CGACCATACTTCTGTC,0
TCTCCTGCACAGATGA,0
ATAATCAAGTCGCATG,0
CTAAATTTCGCGTCGG,0
GACATGCCCCGCAAAT,0
GCGTTCGGGGCACTCG,0
TAACATGAGGGCCATG,0
CTGCCCGGCGTGCATG,0
TATTCCGGGCCGTGAG,0
CTCCGCCTTTGGTTTG,0
CAGTAGGTGATGCATC,0
AGGGATTGTGAAGCTC,1
TCGTCGGGTAGACCTT,0
GGGATGGGGTTGCGGG,1
TGACAGACGTATAACC,0
AGAGGCATCTTACCGG,0
GCTATGCTTTGGTGCG,0
GGGGGATATATCGACA,0
CGGTGGCACGAGAGCA,1
CTTACCTAAAAACAAC,0
AAAGCACCACGCAACT,1
CTTAGGATGCAAACAC,0
TACTATACTAAAGGAG,0
GGAGCTGTAGCAAGTC,1
GCGCTCTTAGGGCTAT,0
AGGGCTCGGAATGGCC,1
CAGTGTGTTTTCTTAA,0
TCAAAGATCCTACTCA,0
AAATGTCCATAATACA,0
GCGCAGACTGAATCCA,1
TTGAAGCATATCCCAG,0
CACTGAGCGTTACGCC,0
TAAGATCGGTGATTCA,0
CTCTTCGGCTCTCTCA,0
AATAGTGATAAACCCG,0
CCGACTTAAGTCTGAC,0
ATCACAGTAGCTTATA,0
CGACTGCCGAACAACG,1
ATGGTTACAAAATCAC,0
CCCTATATGTAGTACG,0
TACGCGCGACTGATTG,1
CGAGCTTGACCATGAC,0
ACATCTGCACCGTGGT,0
TCCGGGTTACGTACCG,0
AGAGCCACGTAGAACC,0
CCACCTTATTAGTAAA,0
AATAAGAAGCAACCGA,1
GGGAGGAGACAGTCGA,0
CCTGGCTAACAAGCCC,0
TATCAACGTAAAACCC,0
AATAAGTGCGCGATAC,1
GCCGTACGCGAAAGAC,0
GGTTTCACCATTCAAC,0
TAACGAACAGGTGTTT,0
AACTGTATGCCATGCG,0
TGTCAAAGTACGCAAT,1
CGCCTACGCACGACGA,0
TTTAGGGCCTGCAAAC,0
ATGTTCTGTTCCATAC,0
TCACGGGCTAGGACCC,1
CAGACTTGGAAACGTT,0
GCTAATCCACCGCTAG,1
CTGGTTTTTGGGGAGT,0
GGTGATTTTACACTGT,0
ACAGCTGTTCTACATA,0
ATCTAGGTCTGGATGG,0
GCGATCGTTGAGTCGG,0
GTTTAGGGCGTGTCTC,0
CCGACTAATGTAGGCC,1
CGGTACAGAGGGATTA,0
CCATTCGAAGTGGCGT,0
ACGTGGTTATGGTCCA,0
TTCACTAGTACTTGAA,0
GGGTTAAACAACAGCG,1
GGCTCAAACAGGCGCT,1
AATAGCAGAACAGCCG,1
CCGGTTTCAGCAGCCC,1
TTCGTACGTGGGCATA,0
TCACAGAGCCCCCCGT,0
TGCCCCCTACACATAA,0
GTGTAGCAGATGGGAC,1
CACTATGGTCTCAATG,0
TCACCCGTGAAACTGA,0
CAACCTAGCAGATTTT,0
CTATAGAAGAACAACG,0
TGCGTGATCCGGGCCT,0
GGAGAACTGGCTGCTT,0
CTGATTATACATGTCG,0
GATAAAACCCGTTCGC,0
CAACTGGTCAGACGGG,0
TGTGTTTTCAGGACTT,0
GTAGGGTCTTGGTGCG,0
ACGACAATAACCACCT,0
TTAAAACACCGATGCA,1
GTTTGTATGCGAGTCG,1
TGGCTAGAACGGCTGC,1
CCCATAGAGATTAACA,0
TGGGTACCCAGAGATA,0
AAGCAGCGGCAAATTG,1
TCCCCAATTATTTGAC,0
GTGGAGCACCTGATCG,0
AACTGGGAGAAATATC,0
CATGGAAACGGACTAG,0
TCCGGGCTACTCCAGA,1
CACGAAGAACTCCGCA,1
GCAATTTCAGAGGCCG,1
TTTTTCGGTCAGCCAG,1
GCCGCCCTCGAACTAT,0
GTTATGTATGAGCCTG,0
ATACCCTCGTACGGCA,0
CCATGTGTAGTAAAAT,0
CAGCCCGTCGGAGCGG,0
CCGGGCGATGGTTGGG,1
CATGTGTGCATAATTT,0
GTCAATCATCATTATG,0
TTGGTCACAGCCTGAT,0
GAATGACCACTCAGGC,1
CAGCAAGACAGTTTTG,1
GGGGTTGTGTCGTGCG,0
TCACATGCATCAATGA,0
GATAGATTCAGTGTCG,0
GTTAAGCTGAGCAGAA,1
ACCTAGGCAGGGAGAG,0
GCGTGGTATTCTAATC,0
GGCACTATGTTGGCGA,1
TTATTGACGAGGGTAC,0
TCGAAGAACTGACCTA,0
TTTGTCGTCGTTCGTC,0
GAGACATTGATGCAAG,0
GTCCTTAGAGCAACTT,0
TCATTGAAGGACCGAG,0
CCCTGTCTTGCTCCCA,0
TCCGTGCCAACAATTC,0
TTGTTATTAGGTTTTA,0
CAATCCAAGCGGCTTC,0
GTCTCTCTCATCGGAG,0
GCTTCGGGCCGACCGC,0
CAGCGAATTGGGTCCT,0
GCGACAGGAGGGCCAC,1
TAACGCTCGGCTACGA,1
CTTTACCGAGCACTAC,0
TTTTGGCCCGGGGCTT,0
GCAGCTCTATGATAGT,1
GCCCAGGGCTCCAATT,1
AGGAAGCCACCTCCAT,0
ACTTTTGGTAGGAATC,0
CATTGTGCCCTGGACG,0
GAGATGTCACCTTATA,0
GAGCGGCGACGGTTGG,1
GGGTCGACCGCCGCGA,1
AGGAGCCAGAGGTGCA,1
GCCTCAGGTGGAGTGA,0
CGTTGTGGCCATCATT,0
TTCCATAGTAATCCGG,0
ATGGCGGTTGTGCGTG,0
AGTAGAGGTCAATGGG,0
CCTCTACAGCCGCCGA,0
TGGTGGACCTTTAATC,0
ACGTGATTCACCTAAT,0
CGGCTCGCTCCTTGAG,0
GCTTTGCATACACGGA,0
AAAGGTCAGTAATGGT,0
TTCGGGAGCGTTCGCC,0
ATTCTGAAACTCTCTT,0
AGGCTATAACCGACTT,0
GGTTAACATCAGAGTT,0
TATCGGACAGATCAGA,0
CCTAAGAGAGACCAGT,0
AGCGGCTAGCTGTTTG,1
TGCACGCCCTGTATGA,0
CTCTTGTGCATCTGTT,0
GCCGCTCTATAATGCA,1
TCTTTTCTATCATGTT,0
GGGGTATCATTGGCCG,0
GTATGGTCGGTTGAGG,0
ACACCTTTACGCGCGC,0
TTAATTCTTCTACCCT,0
CCGGTTGATTGTCCAG,0
TAGCCACTCTAGCAGC,1
TAAAACATCATGGCTG,0
ACAGAGAAAACCAAAC,0
AAGTTTTATTACGCGG,1
TGGTCAGCCATCAAAC,0
CTCGTCCGCTGCAGCA,0
ACTCAAGGTCACTTCA,0
AGGGTACTGTCACAGA,0
ACGCTAGCGGATTTAT,1
CTTGGGCGACTCGCTA,0
CGCTGGCTCTAGCCGG,1
ACGTGTGATAAGGGAT,0
TACGGTACCGAACATG,0
GATCACTTGTAAGCGG,0
TGCGACGCTCGTGCTT,0
TGCGTATGGGAATGTC,0
TCGTAGCCAAAGGAGG,0
CTTACCTGCGCTTAGA,0
GTAGGAAGTGATTGAG,0
ACACGCGACTTGAGTG,0
GTGTTCTCTATTGGAT,0
AGGTGACCTTAAAGCT,0
AGTACATCGACATTCG,0
CTAGCAACCGTTAACG,0
AATATCACGAGCGGCA,1
GGAGAGCACACGCCTG,0
ACGACTCATTATAGCA,0
ATGATTCACGAACTTT,0
TTACCAGTTTCACTCC,0
TAATAACCTGTGATGA,0
GAGTTTGACGATGTAC,0
CACGGTAGGATCGTAG,0
TCATTTAGCTATAACT,0
GACCTCTTTAATGCCC,0
TCCCATGCGGAGTAAA,0
TGACAGTTTGAACGCA,1
CTACTCTGGAGGACAG,0
ATGCATGGGGGATTAA,0
GCCCTCCAATGAAGTG,0
AGAACTTGAACGAAAC,0
TCTTAAAGGGTTAGAG,0
AGATCCATATTAACGC,0
TCGGACAGTGTCTTGT,0
GTGGTCCCTGTCCACA,0
ACGTCCATCCCCAAAC,0
GATACGCGAGAGGAGC,1
AAGTCGCTAAGGCTAT,1
AAGATTATTGTGTCGA,0
TCGCTTTGGATATCAG,0
CATCAAGGCCCAAATC,0
TGTGGGGCCTAATGCC,0
GCGAGTATTACCGTTA,0
ACATGGCCGCGAAAGC,0
GACAGGTAAGTTATCG,0
GACATTGTGACTGTAC,0
CCTTGAACTCATGGAA,0
GTTCAACCGCCTTTTG,0
CTCAGCAGTAACGAGG,1
TGTGCAGGCTAAGAAG,1
AAAAGTCACGGAATCA,0
TACAAGAGAATTCAGC,1
GTGCACGTTTAATATG,0
AAGGTCTCAGGCATGT,0
GCCTTGTTTGGCAGTC,0
ACAGTCCCGTGCTGTG,0
AGCGAGCATTTTATCT,0
TGGAGTCTAGATTTTG,0
GTTTCATAGTATCATT,0
TCGAGGGCAATTTTAT,1
TTTAGGAGTCCCAACT,0
CATCGTGAGGACCGAC,0
GTGCCCCACAGATATA,1
AACGAGATTCGACCCT,0
GACGTCGTCCTTCGGC,0
ATCGTGCCAGCTATCA,0
GGTTAAGGACTGCCGG,1
TTTTGTGGGGTAACAG,0
TGTTTGGCAGTCCTTC,0
CCGCCTCATACTTATC,0
ACACCACCAGCTTCCC,0
GGGGCCAAGATGCATC,0
GATGATTCGTATCATC,0
TGGCCGTATTCTTCCT,0
CCAGCGTCAGCTAGAT,0
AAAGCGGCTAGCCTTG,0
AGCCTTTACACATAAA,0
CCCCAAAGGGTAAAGC,1
GTAGAAAGGTATCCAC,0
GGCTCGCACGGAAAAA,1
TTCCCGACGTCTCCAG,0
CACTGCTGCCGCACAG,1
CCAAGTGTAAAGTGCA,1
TGCACATCTACAATAC,0
CAACTTGCATTAACCG,0
GTCTTACGCCCGAAGA,0
TGCATAGCGCCGCTGA,0
GAAGACTTACGATAGC,0
TATCAAGCAACGACCA,1
CACGTAGAATTGGCCG,0
GGTATAGCCATACGTG,0
AATTACGGGCGCCACC,1
GCTTTCTTCCTCGGCA,0
GCGTGTTAGCATAAAC,0
GTGCATTCCATTGTCG,0
AAATTAGTTGACCTTG,0
TACGTCACTGTACCAC,0
TTCCCTACAACATCGC,0
TCAGACTTGCCCGCCG,0
GATAATCCCCAGTATC,0
CCACTCTATCCTGTTG,0
AGTGATCGTCCTCACA,0
TGATCCGGGCCGATGA,1
CCGGGTTATTCCCCGT,0
CGAGCTCCATAGTAGA,0
ACATGTAAGAGGCGCA,0
CCAAGCCTCTAGAAAA,0
CTACCCATTGTGGCCA,0
CAGACTATGCTCTACC,1
GTCAGTCATGGCTGGG,0
CGTAAACTTGGATAGC,0
TGGGATTAGAGTATGT,0
TACCAACGTATGGACC,0
ATTGGCCAACCTCGGG,0
CAAGTATTTATTCAAT,0
GATACAGCCTCTGATT,0
CTCACCATAACACACG,0
TTGGATCGTTTTCTTC,0
TTATCCTCTGTAATCC,0
GCCTTCGTGAGTCTCA,0
GCCGAGCGGACCGTTA,0
TGACAAAGGGGAAGAA,0
ATGAACAGTCCACTAT,0
TGCGATAATCTAAATA,1
TCTCGATAATGGCGCG,1
TAAAGAAGTAGAAAAT,0
CTTGCAAAGGAACACT,0
CCGGAATATTCTCCTT,0
AGATTGCGGCTTACTG,0
TCTCCTCATATTGGTC,0
GGGCTATCAACGACTA,1
ACGGGGAACGATGTTG,0
TAAAGATCTTCCAGGA,0
GCATAATTACGTGGAG,0
TATGCTATGTTGCTCT,1
CGCACTCAATTTGACT,1
GCATCAGTCGACGTGG,0
GAGACAAATCAAGTCG,0
TTTAAGACATGAGAAA,0
ACAGACAGTCCACAGG,0
AATGGGGTGTGCCTAT,0
CTGAACTCTATACATG,0
ACAGGAGAGGGTGGGC,1
GCGCTCCTGTACCTCT,0
ATCATCACCTGGGTTA,0
CACATAATGACGGTCC,0
AACCATCCAAGTCTTA,0
GGAATCAACCAGTTGC,1
CTCCCCGAAAAGGGAC,0
GTTTACTACTAAAAAA,0
TATCGGAGCCGCCTGT,0
GCCCGTTTATATTTGA,0
TCGCTTAGGATACTAA,0
ATCCATCATTGGATTC,0
AGGTCGCCGAGGCGCC,1
AAGCTCGCATTGCAAC,0
GGCGTGCGGTGCGAGC,0
GCGGCGGGGACGGAGT,1
AGATACCTCTGTATGG,0
TCCGTTACGAAGGGTG,0
ATTGATACATACGGAT,0
ATTAGTCAGAATCATT,0
AGAAGCGGTCTTTAAA,0
TTCTAGTCAGGACGTA,0
CCCTCGCACGTGGTGA,0
GTGCAAAATCCGCCAT,0
ATCACAGCCGGACCAC,1
TTCCCTGAATCTATAC,0
CTGCTCCCCGCGGCAA,1
TCCTTTCGTCTGTGTC,0
GGATTACGTAAGATTG,0
GCTCTACATCCGCGTA,0
CAATGGTTTTATCTCA,0
GGGACCTCAAATCAGC,0
GGCCTCTAAGAAGAGT,0
GGTAACCTAAATGACG,0
AGGCGGTTATCTCACT,1
GGCCGCATGACTCAGA,0
TTTTCTGGAAGTCTAG,0
CTAGAGCTCGCCCAAG,1
GTACAGTCAGTGTCCT,0
GTTCATTACCCTCTCG,0
ATCGCCGTAAATATAG,0
TATGTGCCGCAGGAAA,1
GCTACATTCAATCTGC,0
AGTTTACTAGCAAAAC,1
CCGTAGAGGAAGACAA,0
CTATGTGGCACATATT,0
TGAGGTACCTGGCGGC,0
GTACCTTCATCTGTGA,0
CTACTCTCTTCGATCC,0
AGGCCATAGGGAAACA,0
CGGAGTAGCTGGACTG,1
ATTGCACGACGCGCGG,1
AGTTGACGAGGCCGAG,1
CAAAGAGGGCTCCCAT,0
GTCGTTTAACCAGCCG,0
CGCGTGATACTCTTTG,0
CACGCGCCCTTGTTTG,0
GTGCTGCTATAATTCT,1
AGGTCATTCGATGGAT,0
AATTTCTCGGCTCGGG,1
TGGGCTGATCATACAT,0
ATCGACTTTATTTGCG,0
TCTCCTCTTCCCACGC,0
GACGCAATACTAGCGA,1
TGCCGTAGAGTTCGGC,0
ACCCTATGAGCAGGAA,0
GGACCTATCTATTATA,0
TTGACATCTCGGCTGA,0
TTAAAATATCTTCATT,0
GGCTATATGTGAAGAA,1
CACACGCTCGCACACG,1
CCGCTCAGAGTGATCT,1
ACGGCCAATCTCGCAT,0
GCGCTCTTGAAGCGGT,0
AAACACGTGCCACTGG,0
AAAAGGATCAAATCGC,1
TTTAGACGGTATCAAA,0
CGAGGCTTGGCGTGAC,0
GTGGTATTCGACAGGT,0
CTATTTTTATGTACTG,0
AAGTGCCTGTTGAAAT,0
AGGGGAGAAACGGATA,0
ACCGTACTTTTAGACC,0
CTTTTCTGGCGATCCG,0
GGACTTCTGAAATGTC,0
ATCTAACCAAAAAAGG,0
GTACTCGAGTGATTAG,0
CCTTAATGTAAGTCGC,0
GTCTTGCTATAACTGA,0
CAGATGTCTAATCTAA,0
ACCCGGGGTAGAGGTT,0
TGTGTCTGCCCGAAGC,1
TGGGCAGGAATTTTTT,1
ACACTTGAGCTGAGTG,0
ATTGCACGCCGTACGT,0
CATTGCAAGCAACACG,0
AACAGTGGGGTCTTCA,0
GCGTCGTTGTATGCCA,0
GGAGGGTACAGGAAGT,0
GGGTTAGTGTACTATA,0
CGAGTGTCAGCTCGGA,1
AGACGAGTGTCAACCC,0
ACTTTCCTATACTTAC,0
TTCCCCCATGCAGCGG,0
TAGAATAACTAGGCAA,1
TGCCTGGGATATGTCA,0
TACACTGCAGTGGCGA,1
CGCGTACCCGCCAATG,0
TACCAGGGCCCAAGCG,1
TCTTCCCATGCTACCA,0
TCAACCAAAAAATACT,0
GTGGGCCACATTTCGG,0
CCGAACCTCCGCGAGA,0
CGTTGGCCTCTGACGA,0
TACGACAAGGTTATCG,0
GAGTGCAACTGGTTGA,1
GTATATCTAGGCGGCC,1
CCCTTCTAGGTGACCG,0
GTCCCGTAGAATCAGA,0
TCCGCGCTAAATCTTG,0
AGGGTCACCCCACAAG,0
GGACGAGAAGGGAACA,0
CGAAGTCTGGTCTTTT,0
GGGCCGGCTCGGCCTC,0
AGCAGTAGGTAAGCTG,1
GGCCAGGCACGATCGG,1
CTATAGTGGGCAGTGG,1
TTGGCCGAGCAAACCA,1
TGTACACAGCCCAGAT,1
TAGAATGCAAAGCGGT,1
TCGTGGAAGTTGCCCC,0
TCTTAGTAGCCGTGTC,0
TGAAAAAAGGTTGCTA,1
TCGAACCTCTTTGGTC,0
TACCGCTTTAGTGATA,0
TAGTATGGTTCGTCCC,0
TACCCGGCCGAGAACT,1
CTGTCAGAATTCGATT,0
ATTCAGTTAGTCGGCT,1
CCCGATAATTTTCTTA,0
TGCCCCTATGGACTAT,0
CAACGTAATCGAGCTG,0
CGCCTAAGCGAATTGC,0
CTCCTCTGGAACTGAG,0
GTAACCTAACTTCTTA,0
AATGGAACTGACGACA,0
CACTTCCACTGAGGTG,0
GTAGTATGCGAATAGT,1
GGCAGCAATTAAACAC,1
AGACATCCGGTTGACT,0
CAGCAGACCCCACCCT,0
TTACCAAAGAAGGAGA,0
GCCCACTCTATCAATG,1
ATCGCAGGAAGGACTG,1
TACGAAGGCTCACCAA,1
AATACAAAGCTAATGG,1
GACCAGGCTGCCTTTG,0
AGTTTGTGATTACTAG,0
GTTTTTCGTGCTCATG,0
GACCTGGCTAGCCCTA,0
AACCACTGTTTTTCCT,0
TTAATGTGCTCCAAAT,1
CGATGCCTACCACAGC,0
TGCGTCCTGTTACCTG,0
CCTAGGTCCCATGGAA,0
GACCTCACAGCAGCCG,0
CCAATGAGGCCGGAGT,1
AAGGAGGCCCGAATGC,1
TCCGCCCTACGGTCAA,0
AGCGTGTAGTACACAG,0
GCCACCGTCGACCTTA,0
GCGTGAGAGGTACTCT,0
CCTAGCCGTACGATTA,0
GCGGGCCCTCATTCCT,0
TGGCCAGGCTATCACT,1
GATCTTGATATTCACC,0
TCGGGGACGGAGTAAA,0
GTGGTGAATAAGCCGA,1
AACCTGTCCGTCCCCA,0
CATAATGTTTGGTCCG,0
AGTGTCCGGGCCTCTA,0
AATGAATTCGGAGGTT,0
ACGGTAGATGACGTTC,0
GATAGATTGAGTCGAT,0
TCAAATCTTCCCACCA,0
GTATACATTGGGTTAT,0
TAAGCGTATGCTCGCG,0
CAACAATTTCTTGCGT,0
TATGAAGTACCTGGCC,0
TCCCCGGGAGGGGCGA,1
GGCAGCAAGTTTAAGT,1
TACAGTCATCTGATGA,0
TACGTTTTGCCCGTTT,0
CCTCTTCGTGTTGATG,0
CCGATTACAGTTCAAC,0
CCATCGCACTATCGTT,0
CTATGGAAAAGTCGAA,0
AGGCGGGGGGGCCTAG,0
CTTGCTCTTCTACACG,0
AGCTAGTCTATTGCGG,1
TACGACATCTGCTTGG,0
CTCTAATGCCAGCCCC,1
ATCCACGGACCGCGAT,1
TATTGAGTACAGCACC,1
GCGCACTCTCCCTGTC,0
AAAACGCTATAAAGCG,1
TTTAGCATAGTTACTC,0
GTGGGGAACGTTTGAC,0
GTAGTGTCAACAACTT,0
AAGGCGGTACGTGCGA,0
CCCTTGGGGTACAACC,0
AGGGGCGGACAAATAA,1
ACGTTCTCATCCCGTA,0
GTCGAGGGATCAAATA,0
ATGGTTTCGTACGACT,0
CCGTGGCACAGGCGGT,0
GACGCATATCTCTAAG,0
CCATCTTGAGGATACG,0
GTAATGGTAGGTATAG,0
CCGTCCTATTGAGAAC,0
GTGTGCGAAGAGGGCT,1
TGACCCGATTCATTCT,0
TGGAAACGCTTCGACG,0
TCAAATTGACTGAGAC,0
GCAATACAATCAGCGC,1
CGACTCCCCTCACGAG,0
AAACTCATGTGTGGCG,0
AGAAATTGCTATCGGG,1
GACAGCCACTATTGAG,1
AGGTTGGCACGACTAC,1
ATAGGTGTTCGTTCTG,0
AAGTCGTTACGGCCCT,0
AACAGCAGGGTTACGC,1
CTACGACCTGTATCCT,0
AGGACCCTTATTTTCC,0
TAGAGTGGGTACATAA,0
ATGCAGCCTGCTACAG,0
TGGGGTCGTTATTTTA,0
GGGTGAGTTCAACCAG,0
AAAACTATACAGTGGC,1
TCGAATGGGAATAGAC,0
CAAGCGCTCGAAACCC,1
GATACGGCGATAATGG,1
TCGGCTACAATAGTGG,1
CAGTCGCGTGGGCAGT,0
CCGCGCTCGAAGTGAG,1
CGACTCGCGTGAACTA,0
TTAGTTAAGCATAGCT,0
CGCCTCGGGTCAGGCA,0
GACAGCGCGTTGACAC,0
GCTCAGCGGCACAAGC,1
CGTCAGGGTTCAAAGC,0
CCTATAGGTTTAGCTA,0
TTAATATCGTGAATTG,0
TCTTTTGGCCATAGCG,0
TGAAAGGAGCATTACA,0
TCTATCCGCCGTGGCC,0
ACGGTCCTAGGCTTCC,0
ACACACTTGTAGTAGC,0
CTTGCTTCTAGCTAAC,0
GTGATGACAAGCAGGC,1
TTGCTCGAGTGCCCGC,1
CACCACGAGACACACC,0
GCTAGAGGATTAGCAT,0
TTTGGTGCCCGTTTAT,0
TAGTGACAACGAGCCC,1
GTGCTAACTTATGCTA,0
GGTCCATCTAATCTCT,0
GATCCCTGTACGCAGG,0
GAGGTACGGATCACCG,0
TTATTGCATCTACCAC,0
CTTCTTCAGTCGTCAG,0
CAATCTAGGTTCAAGC,1
TGCCGCGAAATATCTG,1
GGCGGATTAACTTTCC,0
CGCACTAGCAAGCTGC,1
ACGCCGATCAAGGCTG,1
ATAAGGCACTACCCTG,0
CCTACGATCCATGAAG,0
GACTATCGACACATGG,0
TGAAGGGCCGCCTAGT,0
AAGAGGTATGTCGAAA,0
GGAGGGGACGGCAGTG,1
CCGTTGCGTTGTAGAG,0
CCACGAGCACTGCATC,0
ATGTTGCGTCTCACTC,0
TTCGTCCCGCCGAGTA,0
CTACTGCATCACGATC,0
CCACTCGGCGGCGGTG,1
GCAGAGGCTCCGATTG,1
AGAATAGGCGGCGGTT,1
ACCAACATGTAAGGAT,0
CGTTTCAGTGCGTATA,0
CTTAGGCATAGTTATC,0
GTAATGGCGATGCGAC,1
AGGTGATGTGGATAGT,0
AAATCACACGTTACAT,0
AGAATAAATCGCGCCC,1
ACTTTACAGTGAGGGG,0
GGAATCTGTCCCAGAA,0
CGGCACACAAGCTCAG,1
TTTTGGCGCGTCCAAC,0
CACGTAGCACCCGGCG,0
AGCCACCGATACTGGG,1
GAGCAGATTGAACTGT,1
GACATCTTATTATGGT,0
CTGCCCAGGCGGGGCC,1
AAGGTGTTTATATGTC,0
GTAGCCGTTTGGGCTG,0
TCATGAAACGGCGTGT,0
ACTGCATAACCAGTTG,0
CGCATGAAAATAACAA,0
ATACTGCTCTTTTACG,0
CGTTAACGGTATTTAC,0
TTCGCTGACACTTATC,0
TTCGTAGCATAACCCG,0
CCGTTAGTCAGACAAA,0
TTACGATTCCGCGTCG,0
CATCACACGGGTGGCC,0
CTAGCTTCGCCTGTGG,0
ATTTAAGCTCAGCAGC,1
ATGAGAAAGCACGGTG,1
AGACAGCGAGTACAGG,1
CCGCGCATGACGACCT,0
AAGATAGGTCCGCGAT,1
TTGGAACCAGGATTAA,0
CTGCTATCATCACAAT,0
GGTGTGGCTTCCAGGG,0
ACGCTGAATGCTCCGA,1
CCAAATTCCCAGACAA,0
AACCTAATTCGGGTGA,0
GAGATCTGAGGCATGG,0
GCGGTCCACGGGGAAG,1
TATTTATTCTGCGTCA,0
GTGCTGCCAATTAGCG,1
CAGCTGTCTCGAAAAG,1
GCAAAAGCTTGAGTCA,0
TGCGGACGAAGGCTCT,1
TCGAACGACTGGAACG,0
TACATTGACCAAGTCC,0
CGGCGAAGATCAGAGT,1
ACCGCGTTTAACCGGA,0
TGTGAGCCCAGGGGCC,1
GAAAGGGTCAGGATAA,0
TCGAGACCGTCGTTTT,0
AGAGGACGCATACGCT,0
TGCAGGTCACAAGCGA,1
AGTGAGGGGGAGGCGC,1
ATCAGATTGTCGGCGC,1
TCATGCCACCAACTCG,0
ACCACGCAACGCTCGA,1
GGGCACGACGTGTGAC,0
GGAACTTAACTTTGTT,0
ACATCGCGAAGCAATA,0
ACGCCATGAATTTGCA,0
ACAAACGGGCATTCGC,0
AAGTGATCATTACCGA,0
AACTAATGGGTAATTA,0
TCGTCAGCCTGTTGAG,0
CTAAAAGATAATTGAG,0
CTCAAGTTATATAGCT,1
AGAGGACTTCAAACGT,0
TTCTTGCACCTCATGC,0
GGACCTATCTATCTCT,0
TTAGCGATGTGGGTTC,1
TCCCACAACAAATAAT,0
GCATCGTTGTGTGGTT,0
GTTTTCCTTCTCTGAC,0
ATGTTCTTAGGAAGCT,0
ACCAAGCATCAGTACC,0
CGTCTATAGGCACTGC,0
AAGTAAACCTACGTCT,0
TGCGGCACCTTGATCC,0
CCTCGATCCAGGTATG,0
CGGATCAGTAGAGCGT,0
AGAGCCTTCTGCCCGA,0
GTGCGGGACGCGGGGA,1
GGCTCCTGACCCACTT,0
TCCGAATCATATTGCA,0
ACCTTAGAAATGGAAT,0
ACTACCGCAATAGACA,1
GACAACGTGGTGAACC,0
AGCAACTGTCTGTTCT,1
TGTTTAAATCCCAACG,0
CTTTTGCTGTCGACTG,0
ATCGGATTTCGGTCCG,0
ACTTGCCAGGCACGGG,0
GGGACCTTCAAGCCGG,0
GGCCGCCAAGGGTAGG,1
GGTCAAAGCCGACCAT,0
CGATAGTACAGATCAT,0
ACCATCGCGGAATGGG,0
ACGCTCTTCCGAAGTT,0
CACGAGAGGCGGCTCT,1
TTGCTGTAAATACCCA,1
GACCGGGCCCCCCTAA,0
TAACAGCACTTACCGA,0
CACTTAAACACTCCCC,0
AGGAGAAACCACTAGT,0
GTTAGAGCAACGCTTA,0
CGTCGGAAACAACAGA,0
TGACGGACATCGGTGG,0
TTGGGGAACATCACCT,0
GTCGGCCACGTAGGAC,0
GAGACGATCAAGAGAT,0
AGAATCGTCCTAGTCC,0
AAAGCGTAGGCGATTG,0
CCTCTCCAGCGTTACA,0
GCGGCACGCGAACTTA,0
CAAGGTGGCCCGGGGG,1
GACGCGGGCATTAGTG,0
AATGGAGGAGTCATGA,0
GGCCCTCATCTTGTAG,0
TATGATTATGGCATCT,0
GGGTGAAAATCTACTG,0
ATAACTCCCCGGCTCG,1
ACCGCTTGTTGGTTTG,0
ATTACGGCCCGTGGTA,0
ATACATAATAAGTTTT,0
TATTGAGTTGTATCAT,0
AGAGCTCCTGAAGATC,0
GGAGTAACAAAGAAAT,0
CGGCGTTTTAAGGACA,0
AGATCGTGCTGCGCGA,0
CGTTGGTGCGCAGCGG,0
TATATAGACTTGGCCT,0
GTGTGGTAAGTCTACG,0
TGTGCACGCGCAGGCC,1
CTGGTCGCATGTGAAA,0
GACTTGTGAAGGTTTC,0
TAATGTGCTGCCCCGA,1
TCTAAAAACGGTAGTT,0
TACGTCTAAGCTATGG,0
AAAGCCAAAGAGCTGA,1
CGACTGCTCCACGGGA,1
GGCATACCAAGGATAT,0
CTCAACTCTTGCTTTT,0
TTCGTGACCGCTCGAT,0
CATGAGACTCGAAAGG,0
CATTTTGGATTGCCAG,0
GGTAGTGTAACTATAT,0
GTGCCAAACGCCGAAC,1
CCAACAAATAAGTAAC,0
AAAGCGATTGGTCGAG,1
AAGCGTTTACCACCTT,0
CCAAGTCTTAGCCCCA,0
CTCCTTTAAAGCATGG,0
GACAACCCTTCGATGG,0
GAGGTGGTTATGAGCC,1
GTGGCTTACTCTCCTT,0
ATTTATCTCGAGTGCA,1
TAGAGCTGACCCCACA,1
CTTTCCAGAACTAAAA,0
AAGTTGTGTAAGTTGT,0
GTAAGCCACGGGCGAC,1
CACGAACATTTGATAC,0
TAACTATATCTCAAGC,1
ACAAGCTCGAACTGCC,1
TTGCCCATTTAGCCAC,0
GGCTCATATTTACGTT,0
CGCACCTTAGTGTTGT,0
AAGTCCATCGGCAGAA,0
ACATAATGCTAGTTAC,0
CCCCTACACAGAAAAC,0
TATACGAAGAATTGCC,1
ACGTAGGGGCGTGGAC,0
AGTAGGACGGTGGCAT,0
AGCCACACAGGCGATA,1
CTCACATCGAGCTAGT,0
CTGTAAGAAACTACTC,0
CACTCCGGAATCCAGA,0
GAAGATACCTAAGTAC,0
AGCATGACAGCACATT,0
GCTACCCTAGAGCTTA,0
GTTTTTAGAGGCTCTG,1
ACAGCGATGTACATCG,0
GGGAAAAGGGGAGTAG,0
GATCCGATTACTTGGA,0
AGGGCACGGAGCGCAA,1
TGCGCGGACCGCGTTA,0
CTAGCTGCATGCGTCC,0
TCATTACGCCAGACGC,0
GCACCTTACTTACGCA,0
CAGATTTCGAGTTCTA,0
GAGCAGAGTGTTCGAC,1
TGCAAGCGACCATCTA,0
TTATTACGACGTCTAA,0
ACCAGGCGCGAGCACG,1
AGAGGACCTGCTCTTT,0
AGATGAGGCGGCAACG,1
CTCATCTCGTTATCTC,0
TGGGCGTATCCTAACA,0
CGTAAGATGCACTCAA,0
GGTTCTGCCCGAAGGT,1
AATGCACACTTTGTCA,0
CTAACTCTTTATGAGC,0
AGCGTACCCATTATCG,0
CACCCGGTTATCCGTC,0
GCGCGGTCGAAAGCCG,1
CCAACCTATATTAAAT,0
TACTGCGTCGCACAAG,0
CTATACGAAACCATAG,0
TCCCGGAACCCCGTCG,0
CCCACGAGAAATCCTT,0
CGTACCTTAGTCTTAT,0
TTATATTGCATTGGAA,0
ATGGCACGAGAGAACA,1
AGCACAGCTGAGGATC,1
CTCTATGAATTCAGTG,0
AAAATGAATTGGGGGC,1
ATCGTAGCCGGAAGGT,0
CGGTGTACCCATATTG,0
CTCATCGATAATTGGA,0
GGGGTCCCAGTTGATC,0
CCACTCGTCAGGGACT,0
GTGTTCTTACGATGGG,0
GGGCCGTCGATTCGAA,0
GTTTTACAGCCGACGC,1
CCGTTAACATATCCTA,0
GTAGGAGCGCGAATTG,1
CTGTCCAGCAACCGGC,1
AGAAGGTTTGGCTTAA,0
GGAACTCCTTCCGATT,0
ACCGCGTGTCTATACG,0
GTTTTTAGAGAGGTCG,0
GGATGCCACCGGCGCG,1
ATGGTAGGGATCGGAG,0
CTTAACCTCCCTTTTG,0
CATGCTATAACTCAAA,0
CGAGTACGTTGTACTA,0
TTAACTTTACTGCCTA,0
TTAGTTCCTCTATCCG,0
AAAATGTTTTACCGTG,0
AGGCAAGTCACAGACG,1
AAAAGCCCGCAGGTAG,1
GGCGTCCAGGACACAA,0
ACCCTCAGTATATTCT,0
GTTGTCTGTGCAAAGA,1
CAGCACACGCCGGCGG,1
AATGTATGCAGCTTGC,0
TGAACTACTTATCGGA,0
TTGAATTATACTTTAT,0
GTCGGCGACATTTAGC,0
TCCGCCACAACGCTCA,1
GACGAATGGGCATGAT,0
AAAATGTTAGCCCCGT,0
TTTGCGGGGATTAGAC,1
GTCGTAACGGTACTTC,0
GAACGTGATCACCTTG,0
AACCGATCCAGATGGT,0
GAGGTTCCTCTTGGCA,0
GTCTGGTGTTCCGTAT,0
AGTCTCAAGCCTCCGG,0
GCGGCGGCATTTTCCC,0
GACTTACACACTCGAT,0
ATGGCAAGCTCGTCCG,0
AAATTTGTGTCCTCTG,0
CTACGGCTGGAGATTG,1
AGCTCGTGTCGATGAG,0
TTTATAGGCGCGTTTG,0
GACAAGTTTTTTTGTC,0
TAGTAATGTGATAAAC,0
GTTCGTGCAGAAGGAA,0
TCGAGTACTCGAGCGA,1
CCAAGACACGCCCTAT,0
CCTTTCATGACTCCCG,0
ACTGACCATCCGTCGG,0
TAACCCGTTAGCTGCC,0
CCGGGGGTAGTACGGG,0
GACCCATCAGCGGCTA,0
CGATCGCTCATCACAG,0
ACGTTATGACGTATTC,0
TCAGAACACATTACAC,0
GCGCGATCGATGTCCT,0
CCGATAAAATGATCCA,0
GTGGAGCTCATGCATC,0
AGAACGTGGGAGGGGG,0
TTGTTATGTCAGTGGC,1
GTTCCGTATTGGTAAT,0
GGCATAGGGACTATTT,0
GGTACACGGAGGAACG,0
TATAGTGAGGGACGTC,0
CAACGTCCTCACTAGC,0
AAACCGGTTAATTGCC,1
GGTCCAGGCTCCCGAC,1
GCACCATGCATGCTCT,0
TCGAACCTAGTGATGG,0
TTGGCGTAGGACGACT,0
TACGTAATAGTTATAA,0
CGTGCTGAACGCTGAA,0
AGATTCGGTACGGGAA,0
TAAACAAGTGTAACTG,0
AAGGACAGTGATCCGG,0
TGGGATAAGTTATGAT,0
GACGGTAAATAGAAGC,1
GTATTGAGACCGAGGC,1
GTTCGTATGAAACCGG,0
AAATGGTTACCATTGT,0
AACCGTGGGAGAACAT,0
GGTTGTCGAGCCAGAT,1
CTCTTATGTCGAAAGG,0
CACCGTCCATAGAGAA,0
CCAGGCTCGCATCCTG,0
AGCTTGCGTACGGCTG,0
ACGGGCAGAGCGATTG,1
ACGTTCTTCGCGACTA,0
ACCTCTTCGGCGGCCG,0
ATACATTTTGGATATC,0
CGACGTAATAGGCAAG,0
CGTGATAGAATACCGC,0
ATATATGTGGTGCGCC,1
AGCTGTGGGAGCTGAT,1
CTCCGTCAATCTTTTT,0
AGGCTCCAAACCTGAC,0
TTCTGTGCCACGTGTA,0
CACACCTTCTTTTTAG,0
TAGTAGACCTTACATT,0
CCTTCGCTTTCAAGCG,0
GGCCTCGACTTGCCAA,0
AAAACCAGTGTCATCC,0
TGTAGTTACTCGGCTA,1
CTAATGGTATGGTATG,0
TGTGGCCAGTCCATCG,0
AGTCGACAACTCCTGC,0
TTCGAACCTCAGACAA,0
AAACATGCTATCAGGC,0
CGCCGGCTAATGACAC,1
GAGGTTATGGCAGCGG,1
TAGACTCGTTTTCACC,0
CTGAGGCTTTAAATTA,0
CGTCGATATGAGGGGC,0
CGATTCGTTCTATCCC,0
GGGCACAGAGAGTCCT,0
GTTAGGGTATCGTGGT,0
AGCTAGCACCGGGAAC,1
AATGGATAGACGCGAG,1
CTGTTGGACTAATACA,0
TGGAGTCTGTATTTGG,0
GTATGCTCGCTCCCTG,0
AAGTTTTACGGTGGGG,0
TTTAACCATATCTAAA,0
TGAAGTAGAGTTGTAG,0
GAAATGTCGACTGCGT,0
CCGGTTGCATTGCCTG,0
ATTTATCTGTAGAGCC,1
CATCGACACGGGGCTG,0
GCGCGAGGGTCCGGTG,1
GGACACTAGAACTGGA,0
CTGTTCATATAGAATG,0
AGATAATTCACTGGCG,1
AGACGACGAGAGGGAA,0
GGTTACTTAGGGCCTT,0
AAGACTTCGAAGCATG,0
ATTCACCAGGGTCGTT,0
GTTTATCCGGGGCCCT,0
AGGTCAGGGTTCTATG,0
ATCAGGCTATGTCACA,1
TTGGACGCCGACCACT,1
TTATGATAAATGAACG,0
ATTCTGCGTCCAGACC,0
ACTTCTGCCGCCATAG,0
TAAGCTTGCATCTTCG,0
CCTTGAGAGGGATTAC,0
AGGATCCCGGTGGGAG,0
GTCCACACGGTTGATT,0
GTACTGGCTCCGCCAC,1
GACTGCTTGCTCCCGA,0
ATCATTCTTAGCGTGC,0
CAGGGATGCTCGGCTG,1
TTCACCAATACCGATG,0
GCCAGACCTTTAGGAG,0
TGATGTAGTCGAGCTA,1
CGGCGGTGATGCACAA,1
TGTAAATTCCCCAACC,0
CGCCTACTGGCCACTT,0
TATTCCAGTAGGAGCG,1
CCAAAGTATTACTATT,0
GGGAGAGAGAATAGCG,1
GCCAACTGTTGCGGGT,1
GTTGTTACAAGGCTAT,1
ACGTAAAGTGTTTACA,0
TCTACCATATCCCTAA,0
AGTTCATTGGAACATT,0
GGACTTAAGAGTTCCA,0
ACAAATCATTAGCGGG,0
GCGGGGAGTATCTGCT,1
GCCGTCCGGGGACAAC,0
TATTGACAGCCCAAAT,1
GGTATTAAGGGCGTAC,0
TTGATAGGCTAGCGAA,1
CAGTGTGCAGAAGCCG,1
ACGGATATCATGTGGT,0
GCAACATACATGCTTT,0
CCGTCCGAGCTTTGTA,0
TCGGAACTAATTTCAG,0
GCCATGGCCAGCAACC,0
GACTACAAGCATACAC,0
GCGTGTGACAACCCAT,0
GCAAAATGTGATTCTC,1
TTCGGGACACAGCTTC,0
GGGTCACGTAACGGTA,0
GCGATTTCTAACTGGG,1
GGACCATAAACGATTG,0
TCAGCACCGCTCGAGT,1
TTAGTGAAGGCACGCA,1
GTCTGTAGCGTAACGC,0
TGAAGAGTGCATTCGA,0
GTGCAAGCATAATTGC,0
TAATCCGTGTTGTCGC,0
TCTCCACACCTGGCTA,0
CGTTGCCCTACTGGAA,0
TCCACTTATACCTCTA,0
TGTGCTGGTACCTGAT,0
CCAAGTTTCGTCATCT,0
TTACGTTGCAAATCAA,0
CCCGAGTGAAACTTAG,0
TTTCTCAGGTGCAGGC,1
ACCGCGACACCCCTGC,0
GTACGTCTGCGCCTAC,0
TGCGCAAGTTATTTAT,1
GGACTCTGTGAGAGAC,0
AGAATGGTGAGGAATA,0
TCGAACTGATTGTGCG,1
ACAGGCTGCGCGTGCC,0
GACTGCCGGCTGTGGA,1
CACGCCTTCGCGTTCC,0
CATGCTACGTCCGAGT,0
GACAAGCACACGTCGT,0
GTGTCTCGGGGTTGTA,0
AACCACTGGGCTGGTG,1
AACAAACTTGTACCGT,0
TCAGTGTTTATTTAAC,0
TGCGAGCAGCCTAGCA,0
GCCCTTGTAAGTTGTG,0
CACAGCAATCAGCGCC,1
AGGCAGGGAGAGCACA,1
CGTCTATCTTTGACTT,0
TGCGGATAGACTGCAG,1
AGCAATCTGCCTATGT,0
TCGAGCTCATTCGGTA,0
CGCGTCTGCTACATGG,0
TCTACAGGACTTTTAT,0
CAGCCTACGCAAACCT,0
CAAGTAGTGCTGGGAC,1
CTGGATATTTATGGTA,0
TGCGGCGCGGCTTTTA,0
ACTTGATCCGGGTGTT,0
GCAGGCTAATTTGGCA,1
TAGGAACTAAAAGTGG,0
CTATAGAATCAGGAGT,0
ACATTCGAACCATCGC,0
CCTTTAGTCCCTGCGT,0
CCTTAAGACCTGAATT,0
CACTACGCCGCGAACG,1
TCAGCCACTCTATTTT,1
TACCGCGCTAGAGCAT,0
ACTACCTAGCCGAAGG,0
GGTGCTTGTGAACCTC,0
CCTTACTCTCGAGCGC,0
GCCCTCATGCTTGGCA,0
GTCTCGTCCGCCTTAC,0
AACTGAAGGTGATTGC,1
AGATATCCAGCGACAT,0
CCATCATTACTCCAGC,0
ACTGGGTCTTGAAACT,0
AGCTTCAGACGGCCCG,0
TTGCATATTGAGTGTC,0
TTGTGGTGCCCCCGCG,1
CGTTAGCCAGGCTATA,0
GACCCTTTTTGGCCTA,0
AAGGTGAGCTAACGTA,0
TCTAATTAGCGGACGG,1
TCTATACGATACTCCC,0
AATATTCCCCCCAAAT,0
CGGCATTCGGTAAGAC,0
TGTGACAGAACGCGTG,0
TTGTCTTTGCTGCCCA,0
TTCGCTGTGGCACGTG,0
CTCTGGGCCATCTCCT,0
TTATAGGGTTCATAAC,0
GCGTTAATATTTAACT,0
ATCCGTTATCTCTCCT,0
AGCCGCAATCGTGGGT,0
TAGTGCCTGTCGGTCG,0
TTGAGAGTATTATTCA,0
GAGATGTAGCGACTCG,1
TGATTAATAGATACAA,0
GTACAATTTGGATTCT,0
ATCCCCGGAAGTTGTC,0
ACAGGGATGGTATGTG,0
CCTAGTAACCGCAACA,0
AACTAGAACGTTGACT,0
GTGATCGGAACTAATG,0
AATACTCTGAGGGGGC,1
ACCAGGCCTATAAGTA,0
TTGGCCCATTCAGCGC,0
CACCTAAAAAGACCAA,0
ATAATAGTCTCAGGGA,0
GTCGCGTTTCGGGATC,0
AAAAACTTATGATCCA,0
TGCAGACAGCCCTTTA,0
GTGTCAGCTCACGCTG,1
AAACTCCGCGAGGCGT,0
AACTTGCGGGTATCCG,0
TTTTGTCCCATGCGAC,0
TGGCTTTAAAGTGAAT,0
AAGATATTACTTGGGA,0
GGTCCGGGGTACAGTT,0
GAGGAGTCGGCGCCCG,1
AGGCCTGGACTCGACG,0
GACGATGGCGGGCTGA,1
GGGCCGATAATGTGTT,1
ACTGGTGGTTCGTGGA,0
ATAGGACACGTATAAA,0
AGGGGGAAGAGAAATC,0
ATTAATTCCGTGTGTC,0
GCACCGCTGGGTGACG,1
ACGCTGTGAATAATAA,1
TCCAGCAAAATACCAG,1
GAGAAGACAAATCTGT,0
TTTTACCAGATTACAA,0
CTTCACTTCTGAAAGA,0
GAGAAGGGTCGATTCT,0
ACGTATATCGCACCGG,0
GTACAATCTTGTAAGG,0
GCCAACCTAACTTGGT,0
TGCGAATGTTGCATCT,0
TACACGGAGAACCATT,0
AGACTCGCCGATACGT,0
GATAGTAGAGCGATAA,1
TGTGATAGCTTGAGAT,0
TCAAATACATTTCGGT,0
TTTTTTCCAGAACTCC,0
GCGCCAGATCGCGCGG,1
ATAAGCTCATCCCTTG,0
TGGGTAAGAACTTCAG,0
AAATATAACCAAATTC,0
CTCCCGAGGAATTCGC,1
CAAGACCTCATCTTTG,0
TTCTTCTAGCCGTTTT,0
AAAGAATTACAGCCAC,1
TGCTGTCCTTATGATT,0
GAAAGTATGTAAAGTG,0
GAGTCTTTACAACTTC,0
AAAGCGCATCTTCCTA,0
CGGTATTAGCATAAAG,0
CTAGCTGTGAAGCAGC,1
CCACTGGCGGAGACTT,0
AACAGTAGCGCTGCTT,0
TCTGAAGGATTCGTCT,0
AGATCTGTCGTGGATG,0
GGTTAGTTCAGGCCGA,1
TAAACCTAGGCTCCAG,0
ACCGGCGTCTTCGCGC,0
TTATTTCAACACTGGA,0
GGATAGATAACGCCTG,0
TACATTTCTGGGATAC,0
GTTTTTCCCCCCAGTA,0
TTGGATGGATATCCGA,0
AGTCCATTGCCTCCAA,0
GCGAGCTTCGCAAATG,0
AAAGTTTTGGCCGTCG,0
CGCACTGCGCCCGCGC,1
CGCTTCATCACCCATT,0
GACTTACAAAACATGG,0
TACACGCCGGAGAACT,1
CTCCTACTTGACCGGT,0
CCGGCCAAACCTATTA,0
AACAGCTTAGAACTGG,0
GGGATCTAATCGAATT,0
TCGATGTTATTATTAA,0
GGCTCTCACTTGGATA,0
GCGCGTCGAAGACTTA,0
CGCGCGGGAATCCGGG,1
GTTCCTTCGCATAGCC,0
TCCATCGGACCTGACT,0
CGGTGAATCAAGTTAT,0
CAGTGAATTCCTGCAA,0
ACCGAGCACCTCCAAC,0
CCATGGTCTTTGACAA,0
ACAACGGTTACGGCCG,1
AGGTGAAGGTGTCGAA,0
GTGGAATGTGTAAAGC,1
GTTTAAAAAGCATAGG,0
GGCCCAGGAACAGCCA,1
GTTTTTGTACCGGTCA,0
AACTGCGTTGACCCTC,0
TCCGCTGTCGCCGAAT,1
CGGCTCACCTCTATCG,0
ACTTCTCCATAATGAG,0
TTAATCAACTTTAGAC,0
ACGAACACGTATCCTG,0
CCAGTCCCCTTTGGGC,0
CAATTAATATTGGCGA,1
CAATCTTCCCGGAATA,0
TTAAATGATGAGCGTG,0
GAGATTAGCACCATAG,0
GATGTTTAACGGGTCT,0
GCCACGTGTAAGCTTA,0
TGCGTAGTACGACTTG,0
GCATTTCTATTCATGA,0
GAGTGTATCCGACCCG,0
TTCCTGGTTCTCTCTG,0
GCCCCTCGATGATACT,0
AATATAGCCATACCAT,0
TGGGCCCATGAAACTA,0
CCGCCCTCTGTTACTT,0
AATCGATGCGCTCACA,1
AACCGAACCTTCTTTA,0
CCGTGGCGGCAAGATA,0
GACCTCGTCAGGCTAG,0
GTGGCGGATCCCCGCT,1
TCATGTGAGCAGGGCG,0
CGGCGGAAAGAATGTT,1
GCTGTTCAAAGATGAA,1
GCCCATTAGCTCAGAG,0
CTTGCACGCACCCAGC,0
GCGATCTATAGCTTTC,0
TTAGAGGCTTATAGAG,0
ACATGTGAGTGGCGAC,0
GAGCTTGTATCTCTCC,0
CTTCGCGCTGCTCTGA,0
TTAAACTGCGTTAAGG,0
AGCATCGTCAATTTCT,0
TCTACGTTTTGGTGTT,0
CTGGTGAATAGCACGT,0
ACGACAGACGCTATAA,1
AGATGCCGCGACTGAA,1
GTTAACAGTATTAGAT,0
GCCGGTCCCAAAATAG,1
ATGTTATTCTATGAGT,0
TGGGTTCGGCTAAGTA,1
AAGTGGGGGGCACAGA,1
TTTTCCGCGAGGTCGG,1
CGGATGGAAGTTTCAC,0
CCAAACCCTCGTGCCC,0
ACACATGGTTTAACTG,0
TATGGACTTATGGTTA,0
GCGCATTGCATGCTTC,0
GTGGCCAATCAAGTGT,1
GACGATGCTTATCAGT,0
TATAGTTAACTAGTTA,0
TAGCGAGCAGCATCCA,0
GCATCTTCGGTACTAA,0
GGTACCGGACGAATTA,0
AGTGACAACAAGTCTC,0
GGTCAGCAGGCTATAT,1
AAGTTCACCTCACAAT,0
AGACGGGTCCCCTTAT,0
AAACGCTGCCTTGATT,0
TGAGGCACATCGGAGG,0
CGTTCCTGAACGTGGT,0
CGCAAGGTGGGTCTGG,1
TTCTCCACATATCGGG,0
ATGTCTACTCCTCAGG,0
ACTTGCTCGCCACAGC,0
CCACGTAGCTCGTACC,0
AAGAGTCACAGTTAAG,0
TCGACTCAAAAAACCG,0
GTGGGACTGTGGCCAT,0
CAACCCACGCACTCAC,1
GTTTTGCGAGAGTGCT,1
AGAAAGGCTTCTGGAC,0
TGTAGGCATGTTGTGG,0
GAGCGATCTTGCACTC,0
GCGAGGGATGAGTACA,1
TCAGCGAGTGAGAGGT,1
GGGTATATTATTGAAG,0
AGACCGGGCAAGAGGT,1
AGCAGTGCAGAAAGGG,1
CCATCTTGGATTGAAA,0
TCTGTGACTAATTCTA,0
TTACGCTCTCTTCCTC,0
ACTGTTGCTGATTAAG,1
TGTGTGCGAGCCCTGA,0
GCTCCCTAGTATTGAG,0
CTCTTGAAAAGCGCAG,0
GGTTCAGCTCAGCCAC,1
AGTGATGGGACCTTAG,0
ATACTGTGCGCATTTG,0
TGAGGCGGAAGCAGCA,1
GAACTAGACCTTACGA,0
CCGTCTGACGAAACTT,0
CACGATATGTGTCTTA,0
AAAGAATGCCGGTCGA,1
CTCCGTGGAGGATCGA,0
CGTTGCTCCATCCTCT,0
TAAATGGGAATCCCCA,0
TCTCATTATAGAGAAG,0
AACAGTACGTCGGAAT,0
ATGACCTGCTTTCCCA,0
AGTTAATTTCCTTGCA,0
ACCAGAAGTAACCCAT,0
ATCGAATATCGAGCCG,1
ATCCCCCCCTCATCAG,0
TCGTAGCCCCAAAGCT,0
ATACGCTGGTAATAGG,1
ATAAATATCGTCCTGG,0
CGTCCTTCCAGACGTC,0
GTTATCGCAAAGGCCT,0
AGACGGGATTCCTTAC,0
CAGTTTTTTAACCGAT,0
GTAGAACGGGGTAGGA,0
AAAGGCCTACAGGAAC,0
CGCGGTCCTTTAGTAG,0
CGACTTGGCTATTCAT,0
AGTTGGTACCGCTCCC,1
ATAACTAAGGATCGGT,0
AATGATCTACCTGGCT,0
TCCACCGTTCACCCGG,0
GATCGCCGGTTGTATA,1
TCACCCGCGATATCTC,1
CCGTTTAAGTGCCAAG,0
AGTTGGCGAGTGCTCT,1
GTTTAGAATATCAAGA,0
CCCTTCTATCAGGTGT,0
CTGCATCGACACTACC,0
CATCGTCCCGGGCCGA,0
CCTATGTCTCCGTGGC,0
TCCGGTATTCCTGTCC,0
GGGGTCGCTTGCTAAA,0
GCGCGTCTAAAACGAT,0
AACCGCCCCGCATAAC,0
AACAAATTCAGTGGCC,1
GTCGCGGCTCGAGATG,1
CCTTTGCTGATATAGA,0
TCATGTGATTCCGAAT,0
AAACTATGTTGCTCAA,1
GGTTCCTGTCTGTTCG,0
ATCCCGACTTCGCTGT,0
TGACCTCAGCAGTCTG,0
TGAGTGGGCGAACTTT,0
CGTATTGACAATAGTC,0
TATGCCTACGCCCAGT,0
GAGGTCAGCGCCCTCT,0
CCCCCTAGCACCTGCC,0
CGTGGGCTTAAGGCCC,0
CGGCGTACATAACGAT,0
ACAGGTACAAGGGCGC,1
AGCCAGCATCCTAGTA,0
GAGAGGTATGCCGAAC,1
CCCCGGCTTGATACCC,0
AAACTCGATGCTGAGT,1
CAGGATTCTTTACGCC,0
ACGTTCAGGATTTAGT,0
TTGCGGAATCTGTCCA,1
AGAATCGAGCAGCCCC,1
GTTTAGCCGGGGAAGA,1
CGCATTGGGTCAGCCT,0
GACCATACACTCCAAC,0
CCTATTTGAACACTCC,0
GCAGTTAAAGATTTCA,1
GGACAGCTAGCAAATA,1
CGCAGCCCGGGCCCTT,0
CTCGAGGAGACCAACT,0
GCTCGCCGGAAGCTCT,1
AATGCGTTCCATGCTA,0
TCAGCCAAATTGTGAT,1
TGATAATCTATAAGAC,0
ATCAGAGGTCACAACA,0
GTGAATAGATGGGGGT,0
TATAGGTGTCGTAGAA,0
ATTACCCTGCCGTGGA,0
ACCATACTAGACTACC,0
TAAGGTGTAAACGATT,0
TCCGAGGCCGGCCAGG,1
CCTCATTGTCAATTAG,0
GCATTCGGTGCTGCCA,0
AATTGTCCCCCTCCAC,0
TTTCAGTCCATGTACT,0
GTTCATTATGCGGTAA,0
CCACGACGGTCATCAC,0
GCACTCGTTCCTATGA,0
GTGTTAGCAGCGTCTT,0
TGCAGCGTACGGGATG,0
GCAAAAGTTGCAAAGG,1
CTGGGACCCCGTTATG,0
CCCACGTTCCGTATGA,0
GCGAGCTAATGAATAT,1
TGATTTCGCATCGGAT,0
CCGCAGAGTTTGATAG,1
CCTAGTCCCTCGGCTA,0
CCAATCTGCAAGGTCA,1
TAGGCGCAGGAACATG,0
AGGCCGAAAATGTAAC,1
AATACATGGGATTTAC,0
TACCAGGCATTGCGGT,0
CGGTTTAACCTACTTT,0
ATGCTCCGAACCGCAA,1
GACTACGGTGCGTCAA,0
GTAAATTTGGTTTCTT,0
TATGGCCTCACACGGC,0
TTGGCATACAGAAACC,0
GGCTATAGCGGTGATT,1
ACTGCGCTCGATCTTG,0
ACCGGCTCCTAGCGCG,0
AGCATGGAACCAGCGA,0
GGATGGGAGGCTCTAA,1
GTTCTTAACGTCACCA,0
CAAATCCGGTCCTGAC,0
CCCACAATTGAACCAA,0
GGGAACCACCAATTGA,0
AATCGAAACCAATACC,0
TAGTAGGAGCCAGGCG,1
TGATTTACAAACGTCG,0
GACAGTGCGCCCGGAA,1
AAACTTCGGGACCGGC,0
TCGGAAATAGGTAGCT,1
CCTCAATGGATTCTTA,0
CCCCAGGCATACTCGC,0
CGTCACATGAGCATGC,0
CTACTTCTTCCGCAGC,0
CACTCCGAGAGGCGCC,1
TACCAATCATGGCACG,0
CCCCAACTCGGTCGCT,1
AATGAAACAAGATTCC,0
TCACTTAGATGACAGG,0
CCGCGTTCGGATACGG,0
TATTATGATCAGGCCG,1
CCGCCCAAGTGACATA,0
AGGGCAGGGTCTGATA,1
ATTTGGTTACAACTAG,0
ATTTATCGCGCCACCG,1
CAAAATGATCTTCTAT,0
CAATTGATGGATGAGC,1
GAGATATTCCATGTCA,0
CTTACGAGGTACTTGG,0
CAGGGGTGAACAGTCA,0
CTTCTACATCCGCACG,0
CTTCCTTGGAGTGTGC,0
CCGATCGGCTGAGACA,1
ACGTTGCATGTAAGCA,0
TTCACAACACTCTTCG,0
TCCCTGGTGGCCTTCT,0
GACCAACTCGCGGCCG,1
CAAACGTTCACCTGCC,0
ATGGGGTGCGCGTCCT,0
GATTCGACTGTGGAAT,0
TGGAGTCTTCCTCCGG,0
CGCGAAAACTGACGGA,1
TGGGTCCTTGTACTCG,0
TCTAAATCGGTCAGCA,1
AGTGCTTCTCGTCCTT,0
CTCTCATTACCCATGT,0
TCCTGGAGTTAATCGG,0
CCGTGGGGACACATTG,0
TTCTTATGAGTGCTTG,0
GCGTGGCGCAGAGGTT,0
GCAGGTATATCCAGTA,1
GTGCGTCTCAGAATTT,0
AGCAATTTGGAACCCG,1
TCCACACAACCCCGGC,1
ACAGCCACGGGTGGCC,1
GAACGGACGGACTTCG,0
GATATATAAATTTGTC,0
CGGAGACGAGGGTTGA,0
GTGCTTCGCCGAGAAC,0
AAGGCGAAGTGCCAGT,1
TTGCCAGTTAACGTTC,0
AGAAAGGTTTGGAAGC,1
GGTATAGGCGATGCAA,1
CGGTGGCGCGTATCCA,0
GGTTACCTTCCACTAC,0
GGAAACTACACGGCTA,1
TATATAACGCTGTGCT,1
CCCCCACGAATACATA,0
ATTCCGGACCGCTCAC,1
TGGACTTTAGTCGGCG,0
GGCGCGGTGCTTGGTG,0
ATGCGACTAGGTGTAT,1
CCCTGCTGCGATCGCG,0
TGCTATTTCAGCTCCG,1
TAGCTACGCAAACGCC,1
GTAACAGTGCTCGCCA,1
GTTAAAGGGGTGAAAG,0
GCTACTCTTTAGGGTC,0
CTTTTAAGAGAATTTC,0
AAAAAGACTGTCCTAG,0
ACCCAAAGTTTGGCTA,1
CTCGCCAGAGATGGTC,1
GATTGGGGCGCATAGT,0
TCCGAAGACGCTGTTC,1
TTGCTCTATATTATAA,1
CTAGGGCTCAGATGTC,1
TCGCATTCTACCCAGT,0
AGTTTATGACTGTTGA,0
GCTCCAGAGTAACTAA,1
CTGGTCTCGCACAGGA,1
GTCGTTTCTCTCGCAT,0
GTCCTAATTACTGGGT,0
ATGAGGGATGGACAAT,0
GCGTGTGAACTATTTT,0
TGTCTACCGCCTACGC,0
ACCTCTCCATGAAACC,0
TGTAGGGTATTCATGG,0
GTATAGTGTGCGGGCC,1
TGCGAGTCGCGGTAAG,1
ACGGTGTCTAATCATC,0
AGCGCCACGTTCACGA,0
TGCTCACGCGAGGATG,1
CGTTGTGACGTCCGCC,0
TCCCAACCACATGACT,0
AGATAAGTCATATCTG,0
GCGCCCTTCGGTCACC,0
GTTCATGGTCCTTAGC,0
TCACGTTACACTCTCC,0
GCTTAACGCCCCTCCT,0
GAGGCACAGACTCAAA,1
GAATTTGGCATACGTC,0
GCGTAGAAGTTCTAAT,0
TGCAACACGTCGTGAC,0
GAAAAATTCGTTGAAG,0
GCACGTCCGAGATGCG,0
AGATTCAGACAACTAT,0
TCACCCCGTACAGCTC,0
TAGTAGTGGACTTTTT,0
GCCCGGACTGCTAACA,1
ACTGACTTAGCCGCAC,0
AATTTTGGATCTTAGT,0
CCAACCTAAGTGGGGC,0
GCGCTGCTCCATAGTT,0
GCCTACCCTGAAAAAA,0
GTATGACCCTGATGCG,0
AGCTCCCCACCACGGA,1
AAGGGGGTTAGGCTTT,0
ACGATAGATGTAAACA,0
GGTTGAAGGTCCGCGT,0
CCAGTCTGCTGTCTGC,1
TTGCACACCGAGAAAG,1
TTCTTTTATGCTGGAG,0
CCGCGGGAGAGGTACG,1
TGAGAGAGGAATAACA,0
GCAGGTGATGCCGGAA,1
CCCCCGAAGCTGATAG,1
ACTTGTGCAGATGGAA,0
TATTTCGCCCATCAGG,0
CGTGCGCAGGACCAAC,0
CGGTATATGGGTTCAA,0
ATTTCCAATATAGTGT,0
AAATACAGGGGGTACC,0
TGTCAGTGATCGGAGG,0
CATGCACCCAGAGGCA,0
CAACTAAATTTCGCCC,1
TGCGTAAAGGGCTATT,0
TACAAGAGAGGTTATC,0
GAATTTAGCTCAACGG,1
GGCATGTCCGAATCGC,0
GTGGGTCGGCATAGGG,0
GTGGGATGTTAGACGC,1
CATCTGTTGGAACTCT,0
TTCGTCGATATCTAGG,0
AAAGTGTCGACGTCCG,0
CGTATTCATGCACAGA,0
TTTTAGGGCAGATGTA,1
TGACTTAGACGTGTAC,0
TGGGATTACCAGCAGC,1
TCTACTGCCTGGTCAA,0
GTTCCGCCTTCCCGAT,0
CGATTGAAGTGTACGA,0
